,id,address,categories,city,latitude,longitude,name,postalCode,province,dateAdded_f,dateUpdated_f
2201,AWqsUU-NQTFama1Xn6l9,5626 Broadview Road,"Caterers,Bakeries,Bartending Service,Delicatessens,Fast Food Restaurants,Pizza,Restaurant Delivery Service,Restaurants,Take Out Restaurants,Wedding Supplies and Services",Cleveland,41.40896,-81.69288,Gentile's Bakery - Deli - Catering,44134,OH,2019-05-12,2019-05-12
3231,AVzBEzQZ3D1zeR_xBGhg,18070 Bagley Rd,"Ice Cream Parlors,Carry-out food,Breakfast,Hot dog restaurants,Hamburger restaurants,Fast Food,Karaoke,Restaurants,Frozen Yogurt Shops,Restaurant,Burger Joint,Fast Food Restaurant,Coffeehouses,Salads,Fast food restaurants,Hamburgers,Sandwich Shops",Cleveland,41.3724,-81.8272,McDonald's,44130,OH,2017-06-19,2019-05-03
3451,AWpjpQ50sVYjT2BJ8B3L,1288 Som Center Road,"American Restaurants,Breakfast Brunch and Lunch Restaurants,,Family Style Restaurants,Fast Food Restaurants,Hamburgers and Hot Dogs,Restaurants,Sandwich Shops,Take Out Restaurants",Cleveland,41.52517,-81.43888,Big Boy's Burgers and Shakes,44124,OH,2019-04-28,2019-04-28
3698,AVz1W62hLD2H7whiX_Ns,1237 S.O.M. Center Rd.,"Burger Joint,Fast Food Restaurant,American Restaurant,Restaurants",Cleveland,41.52663,-81.437629,Five Guys,44124,OH,2017-06-29,2019-04-23
3763,AV1goIHdIxWefVJwf1UM,6557 Broadway Ave,"Carry-out food,Caterers,Restaurant delivery service,Chicken Wings,Food Delivery,American restaurants,Karaoke,Take Out Restaurants,Fast Food Restaurants,Home delivery beer and beverages,Restaurants,Pizza,Restaurant,Pizza Place,Catering",Cleveland,41.46221,-81.64337,Pizza Hut,44105,OH,2017-07-20,2019-04-22
3774,AVzBEtWP-gnIPe8DSjM6,22855 Emery Rd,"Carry-out food,Restaurant,Caterers,Fried Chicken Joint,Barbecued poultry,Fast Food Restaurant,Barbecue,Spare rib restaurants,Chicken restaurants,Catering,Restaurants",Cleveland,41.435691,-81.51809,KFC,44128,OH,2017-06-19,2019-04-22
3910,AVzTg-4E-gnIPe8DS7y9,6677 Pearl Rd,"Carry-out food,American Restaurant,American restaurants,Fast Food Restaurants,Fast Food,Karaoke,Restaurants,Delis And Delicatessens,Restaurant,Fast Food Restaurant,Traditional American,wich Place,Sandwich Place,Sandwich Shops",Cleveland,41.380759,-81.782945,Arbys,44130,OH,2017-06-23,2019-04-20
4522,AVwc3KaSIN2L1WUfptEG,5092 Tiedeman Rd,"Asian Restaurants,American Restaurants,Chinese Restaurant,Japanese Restaurants,Chinese Restaurants,Sushi Restaurant,Chinese Restaurant and Sushi Restaurant,Take Out Restaurants,Fast Food Restaurants,Sushi Bars,Bistros,Restaurants",Cleveland,41.423078,-81.761787,Wild Ginger China Bistro,44144,OH,2015-10-24,2019-04-15
4575,AVwch3px_7pvs4fzwF9U,7456 Broadview Rd,"Grocery Stores,Pizza,Restaurant,Chicken Wings,Florists,Food Delivery,Take Out Restaurants,Fast Food Restaurants,Pizza Place,Family Style Restaurants,Catering,Restaurants",Cleveland,41.363122,-81.685393,Pizza Hut,44134,OH,2016-02-17,2019-04-15
5036,AVwdBVO-IN2L1WUfrYZg,3362 Warren Rd,"Delis And Delicatessens,Restaurant,Carry-out food,Delicatessens,Fast Food Restaurant,wich Place,Sandwiches,Sandwich Place,Restaurants,Sandwich Shops",Cleveland,41.462409,-81.802945,Subway,44111,OH,2016-03-31,2019-04-10
5057,AV0BSRr6-gnIPe8DUvf6,6629 Engle Rd,"Fast Food Restaurant,wich Place,Sandwich Place",Cleveland,41.38823,-81.82332,SUBWAY,44130,OH,2017-07-02,2019-04-10
5072,AVwd1cYT_7pvs4fz9r83,7402 Broadview Rd,"Grill Restaurants,Mexican,Tex-mex restaurants,Southwestern restaurants,Food Delivery,Mexican restaurants,Fast Food Restaurants,Take Out Restaurants,Fast Food,Restaurants,Mexican Restaurant,Brunch,Fast Food Restaurant,Catering,Burrito Place",Cleveland,41.365112,-81.685438,QDOBA Mexican Eats,44134,OH,2017-01-15,2019-04-10
5324,AVzBB32XLD2H7whiWKc9,2115 Warrensville Center Rd,"Carry-out food,American Restaurant,American restaurants,Fast Food Restaurants,Karaoke,Fast Food,Restaurants,Delis And Delicatessens,Restaurant,Fast Food Restaurant,Traditional American,wich Place,Sandwich Place,Sandwich Shops",Cleveland,41.50222,-81.535929,Arbys,44121,OH,2017-06-19,2019-04-05
5336,AVwclzmfByjofQCxf_Qi,7739 W Ridgewood Dr,"Ice Cream & Frozen Desserts,Hamburgers & Hot Dogs,Ice Cream and Frozen Desserts,Fast Food Restaurants,Dessert Restaurants,Hamburgers and Hot Dogs,Juice Bar,Restaurants,Ice Cream Shop",Cleveland,41.383139,-81.739438,Dairy Queen,44129,OH,2015-11-24,2019-04-05
5385,AVweHR3MkufWRAb5AHZT,2075 W 25th St,"Carry-out food,Italian Restaurant,Caterers,Restaurant delivery service,American restaurants,Karaoke,Take Out Restaurants,Fast Food Restaurants,Home delivery beer and beverages,Family Style Restaurants,Restaurants,Pizza,Pizza Place,Catering",Cleveland,41.483479,-81.702325,Pizza Hut,44113,OH,2015-10-23,2019-04-04
5414,AVzoETR7FcQ3k02bCxVe,4001 Mayfield Rd,"Carry-out food,Caterers,Fried Chicken Joint,Barbecued poultry,Fast Food Restaurant,Karaoke,Barbecue,Spare rib restaurants,Chicken restaurants,Catering,Restaurants",Cleveland,41.5208,-81.5362,KFC,44121,OH,2017-06-27,2019-04-04
5593,AVwdWu6qIN2L1WUfu8tV,4754 Ridge Rd,"Carry-out food,Burger Joint,Restaurant,Irish Restaurants,American Restaurant,American Restaurant and Burger Joint,American restaurants,Take Out Restaurants,Fast Food Restaurants,Family Style Restaurants,Restaurants,Bars",Cleveland,41.425269,-81.735596,Rocknes,44144,OH,2015-11-11,2019-04-02
5601,AWnXU2IFsVYjT2BJwCaA,2937 Lorain Rd,Fast Food,Cleveland,41.4825,-81.7067,Wendy's,44113,OH,2019-04-01,2019-04-01
5607,AWmzRZlj3-Khe5l_7n9T,14110 Kinsman Avenue,"Traditional American,Fast Food,Chicken,Hamburgers,Restaurants,Sandwich Shops",Cleveland,41.4641,-81.5836,Rally's,44120,OH,2019-03-25,2019-04-01
5608,AWkY7R3s3-Khe5l_2Jlj,3806 West 150th Street 71 south,"Traditional American,Fast Food,Chicken,Hamburgers,Restaurants,Sandwich Shops",Cleveland,41.4511,-81.8018,Rally's,44111,OH,2019-02-23,2019-04-01
5658,AV3iVAJaa4HuVbed_BQA,9761 Vista Way,"Mexican Restaurant,Carry-out food,Mexican,Tex-mex restaurants,Southwestern restaurants,Fast Food Restaurant,Mexican restaurants,Burrito Place,Restaurants",Cleveland,41.4095,-81.6163,Chipotle Mexican Grill,44125,OH,2017-08-14,2019-04-01
5695,AV50n-d5a4HuVbedEL3g,6409 Harvard Ave,"Restaurant,Carry-out food,Delicatessens,Fast Food Restaurant,Sandwich Place,Restaurants",Cleveland,41.448128,-81.645068,Mr Hero,44105,OH,2017-09-12,2019-04-01
5812,AVzA_1Sw-gnIPe8DSgaR,13961 Cedar Rd,"Delis And Delicatessens,Carry-out food,Restaurant delivery service,Delicatessens,Fast Food Restaurant,wich Place,Home delivery beer and beverages,Catering,Restaurants,School information,Sandwich Shops",Cleveland,41.5014,-81.5375,Jimmy John's,44118,OH,2017-06-19,2019-04-01
5879,AVz1W62m3D1zeR_xC3QD,6225 Mayfield Rd,"Ice Cream Parlors,Carry-out food,Breakfast,Hot dog restaurants,Hamburger restaurants,Fast Food Restaurants,Take Out Restaurants,Fast Food,Restaurants,Frozen Yogurt Shops,Restaurant,Burger Joint,Fast Food Restaurant,Coffeehouses,Salads,Hamburgers and Hot Dogs,Hamburgers,Sandwich Shops",Cleveland,41.5205,-81.4554,McDonald's,44124,OH,2017-06-29,2019-04-01
5946,AVzoEeMO-gnIPe8DT67C,2245 Lee Rd,"Caterers,Greek Restaurant,Greek Restaurants,Turkish restaurants,Mediterranean Restaurants,Fast Food Restaurants,Armenian restaurants,Restaurants,Sandwich Shops",Cleveland,41.4985,-81.5651,Best Gyros,44118,OH,2017-06-27,2019-04-01
5984,AVwc-lxT_7pvs4fz0-KB,16729 Lorain Ave,"Mexican Restaurant,Mexican Restaurant, Burrito Place, and Taco Place Kamm's Corners,Carry-out food,Restaurant,Mexican,Taco Place,Tex-mex restaurants,Southwestern restaurants,Fast Food Restaurant,Mexican restaurants,Burrito Place,Restaurants",Cleveland,41.4502,-81.8141,Chipotle Mexican Grill,44111,OH,2016-03-31,2019-04-01
6002,AVwcoCpa_7pvs4fzxMv3,13971 Cedar Rd,"Burger Joint,Fast Food Restaurant,American Restaurant,Restaurants",Cleveland,41.5014,-81.5372,Five Guys,44118,OH,2015-11-04,2019-04-01
6005,AVzBEzTvLD2H7whiWL7D,7245 Pearl Rd,"Ice Cream Parlors,Carry-out food,Breakfast,Hot dog restaurants,Hamburger restaurants,Fast Food Restaurants,Take Out Restaurants,Fast Food,Restaurants,Frozen Yogurt Shops,Restaurant,Burger Joint,Fast Food Restaurant,Coffeehouses,Salads,Hamburgers and Hot Dogs,Hamburgers,Sandwich Shops",Cleveland,41.3684,-81.8031,McDonald's,44130,OH,2017-06-19,2019-04-01
6006,AVwd3DhZ_7pvs4fz95nU,16800 Chagrin Blvd,"Carry-out food,Caterers,Restaurant delivery service,Chicken Wings,Food Delivery,American restaurants,Karaoke,Take Out Restaurants,Fast Food Restaurants,Home delivery beer and beverages,Family Style Restaurants,Restaurants,Pizza,Restaurant,Pizza Place,Catering",Cleveland,41.4643,-81.5626,Pizza Hut,44120,OH,2015-10-23,2019-04-01
6043,AV1c4uYSRxPSIh2RYuNm,13901 Cedar Road,"Restaurant,Breakfast,Traditional American,Food Delivery,Fast Food,Coffeehouses,Bakeries,Catering,Restaurants,Sandwich Shops",Cleveland,41.5016,-81.5394,Panera Bread,44118,OH,2017-07-19,2019-04-01
6550,AVwdJyiQIN2L1WUfsv0y,2785 Mayfield Rd,"Auto repairing,Carry-out food,Delicatessens,Fast Food Restaurant,Mechanical contractors,Take Out Restaurants,Fast Food Restaurants,Machine shops,Sandwiches,Sandwich Place,Restaurants,Sandwich Shops",Cleveland,41.511924,-81.580506,Subway,44106,OH,2016-04-03,2019-03-26
6610,AVzBB7ST3D1zeR_xBFHO,7080 Engle Rd Ste A,"Restaurant,Carry-out food,Delicatessens,Fast Food Restaurant,wich Place,Family Style Restaurants,Sandwich Place,Restaurants,Sandwich Shops",Cleveland,41.374556,-81.825097,Penn Station East Coast Subs,44130,OH,2017-06-19,2019-03-26
6797,AWmzPvB1IxWefVJwMo0P,5815 St Clair Ave,Fast Food,Cleveland,41.523,-81.651,Wendy's,44103,OH,2019-03-25,2019-03-25
6856,AVwdfpwN_7pvs4fz6cRd,836 W Saint Clair Ave,"Carry-out food,Caterers,Restaurant delivery service,Delicatessens,Fast Food Restaurants,Home delivery beer and beverages,Sandwiches,Sandwich Place,Restaurants,Sandwich Shops",Cleveland,41.49914,-81.69963,Jimmy John's,44113,OH,2016-07-07,2019-03-22
8736,AVwdiXUrByjofQCxqFYA,7002 Biddulph Rd,"Carry-out food,Caterers,Restaurant delivery service,American restaurants,Karaoke,Fast Food Restaurants,Take Out Restaurants,Home delivery beer and beverages,Family Style Restaurants,Restaurants,Pizza,Restaurant,Pizza Place,Catering",Cleveland,41.4304,-81.7279,Pizza Hut,44144,OH,2015-12-02,2019-02-01
8981,AV8Xpm5CIxWefVJwrQEW,4394 Montagano Blvd,"Carry-out food,Tex-mex restaurants,Southwestern restaurants,Mexican restaurants,Take Out Restaurants,Fast Food Restaurants,Landscape contractors,Restaurants",Cleveland,41.52938,-81.52194,Chipotle Mexican Grill,44121,OH,2017-10-13,2019-01-27
9264,AV5SdeZrRxPSIh2Rh5v_,7468 Broadview Rd,"Carry-out food,Restaurant,Caterers,Delicatessens,Karaoke,Take Out Restaurants,Fast Food Restaurants,Sandwiches,Restaurants,Sandwich Shops",Cleveland,41.363369,-81.68543,Jersey Mike's Subs,44134,OH,2017-09-05,2019-01-11
9284,AVwdvzGbIN2L1WUfy1AE,3255 W 117th St,"Carry-out food,Hot dog restaurants,Fried Chicken Joint,Hamburger restaurants,Take Out Restaurants,Fast Food Restaurants,Chicken Restaurants,Restaurants",Cleveland,41.464745,-81.768873,Churchs Chicken,44111,OH,2016-06-06,2019-01-08
9383,AV6h9rrjRxPSIh2RlYlh,5587 Ridge Rd,"Taverns,Greek Restaurants,American restaurants,Fast Food Restaurants,Karaoke,Restaurants,Turkish restaurants,Mediterranean Restaurants,Bar and Grills,Bar and grill restaurants,Armenian restaurants,Sandwich Shops,Bars",Cleveland,41.40954,-81.73405,Gyro Spot,44129,OH,2017-09-21,2018-12-25
9469,AVwc7fflByjofQCxjvBr,2190 Brookpark Rd,"Asian Restaurants,Restaurant,Chinese Restaurant,Carry-out food,Chinese Restaurants,Chinese Restaurant Old Brooklyn,Take Out Restaurants,Fast Food Restaurants,Family Style Restaurants,Restaurants",Cleveland,41.419178,-81.696876,China Jade,44134,OH,2015-09-13,2018-12-24
9504,AV50muDoIxWefVJwplHa,5920 Mayfield Rd,"American Restaurants,Carry-out food,Caterers,Mexican Restaurants,Tex-mex restaurants,Southwestern restaurants,Family style restaurants,Take Out Restaurants,Fast Food Restaurants,Restaurants",Cleveland,41.51995,-81.46576,Moe's Southwest Grill,44124,OH,2017-09-12,2018-12-23
9560,AVzBB30h-gnIPe8DShyq,3988 Mayfield Rd,"Delis And Delicatessens,Restaurant,Carry-out food,Delicatessens,wich Place,Take Out Restaurants,Fast Food Restaurants,Sandwiches,Restaurants,Sandwich Shops",Cleveland,41.520694,-81.536728,SUBWAY,44121,OH,2017-06-19,2018-12-23
9567,AV6XikdZIxWefVJwql7V,4265 Monticello Blvd,"Carry-out food,Restaurant,Delicatessens,wich Place,Take Out Restaurants,Fast Food Restaurants,Sandwiches,Restaurants,Sandwich Shops",Cleveland,41.537982,-81.527118,SUBWAY,44121,OH,2017-09-19,2018-12-23
9569,AV1gfxEQa4HuVbed6-yt,6110 Mayfield Rd,"Natural food restaurants,Carry-out food,Indian restaurants,American restaurants,Take Out Restaurants,Health Food Restaurants,Fast Food Restaurants,Karaoke,Restaurants,Juice bars,Restaurant,Vegetarian restaurants",Cleveland,41.51973,-81.45921,South India Cuisine,44124,OH,2017-07-20,2018-12-23
9627,AVweYmgsIN2L1WUf4cYK,2903 Clark Ave,"Carry-out food,Barbecued poultry,American restaurants,Fast Food,Take Out Restaurants,Fast Food Restaurants,Chicken Restaurants,Barbecue,Spare rib restaurants,Restaurants",Cleveland,41.46988,-81.701485,Popeye's Louisiana Kitchen,44109,OH,2015-09-28,2018-12-23
9704,AV1tcCuIa4HuVbed8DG9,5615 Mayfield Rd,"Carry-out food,Petroleum products,Delicatessens,Service stations,Take Out Restaurants,Fast Food Restaurants,Cylinder and bulk, industrial and medical gas,Restaurants,Restaurant,Trucking,wich Place,Convenience stores,Sandwiches,Sandwich Shops",Cleveland,41.52032,-81.4773,SUBWAY,44124,OH,2017-07-23,2018-12-22
9795,AVwci8VaByjofQCxfcs6,16860 Lorain Ave,"Restaurant,Turkish restaurants,Mediterranean Restaurants,Hamburger restaurants,Take Out Restaurants,Armenian restaurants,Fast food restaurants,Greek restaurants,Restaurants",Cleveland,41.450603,-81.81483,Gyro World,44111,OH,2016-03-28,2018-12-21
9893,AWCiynU83-Khe5l_c2m_,5307 Woodland Ave,"Carry-out food,Delicatessens,Service stations,Take Out Restaurants,Fast Food Restaurants,Karaoke,Chicken Restaurants,Restaurants,Barbecued poultry,Barbecue,Convenience Stores,Spare rib restaurants,Sandwiches",Cleveland,41.48843,-81.65223,Krispy Krunchy Chicken,44104,OH,2017-12-29,2018-12-14
9917,AVwdUs6g_7pvs4fz4q6n,6220 Memphis Ave,"Restaurant,Carry-out food,Delicatessens,wich Place,Take Out Restaurants,Fast Food Restaurants,Sandwiches,Sandwich Place,Sandwich Place Old Brooklyn,Restaurants,Sandwich Shops",Cleveland,41.439938,-81.730201,SUBWAY,44144,OH,2015-09-21,2018-12-12
9950,AVzBB7V4FcQ3k02bBci-,9500 Euclid Ave M18,"Delis And Delicatessens,Carry-out food,Restaurant,Delicatessens,wich Place,Take Out Restaurants,Fast Food Restaurants,Sandwiches,Restaurants,Sandwich Shops",Cleveland,41.4918,-81.6757,SUBWAY,44195,OH,2017-06-19,2018-12-08
2119,AWqtFZ-nZ4Yw-wtde1I-,1216 W 5th Avenue,"Seafood Restaurants,Fast Food Restaurants,Fish and Seafood Markets,Greek Restaurants,Mediterranean Restaurants,Restaurants,Take Out Restaurants",Columbus,39.98863,-83.03884,Marino's Seafood,43212,OH,2019-05-12,2019-05-12
2121,AWezH61AIxWefVJw_wNh,1932 Henderson Road,"Thai Restaurants,Asian Restaurants,Breakfast Brunch and Lunch Restaurants,,Caterers,Fast Food Restaurants,Restaurants,Seafood Restaurants,Take Out Restaurants",Columbus,40.055798,-83.07162,Bahn Thai Bistro,43220,OH,2018-12-15,2019-05-12
2247,AWiD3O9URxPSIh2R9qDB,400 S Hamilton Road,"Caterers,Delicatessens,Greek Restaurants,Mediterranean Restaurants,Health Food Restaurants,Fast Food Restaurants,Take Out Restaurants,Vegetarian Restaurants,Restaurants,Sandwich Shops",Columbus,39.9677,-82.87532,King Gyros Greek Restaurant,43213,OH,2019-01-25,2019-05-12
3219,AVwcmi1eIN2L1WUfm0xN,1881 S High St,"Greek Restaurants,American Restaurant,Breakfast Brunch and Lunch Restaurants,,Fast Food Restaurants,Karaoke,Restaurants,American Restaurants,Restaurant,Mediterranean Restaurants,Diner,Breakfast Brunch & Lunch Restaurants,,Diner and American Restaurant,Diner and American Restaurant Merion Village",Columbus,39.9238,-82.9956,Dan's Drive In,43207,OH,2015-09-13,2019-05-03
3273,AVwdYzObByjofQCxolRB,5467 Bethel Sawmill Ctr,"Delis And Delicatessens,Restaurant,Delicatessens,wich Place,Fast Food Restaurants,Pizza Place,Catering,Sandwich Place,Restaurants,Sandwich Shops",Columbus,40.066257,-83.093486,WG Grinders,43235,OH,2016-04-02,2019-05-01
3282,AVwdk4u1kufWRAb57Pjd,1925 Hard Rd,"Delis And Delicatessens,Restaurant,Delicatessens,Sandwich Place and Food,wich Place,Fast Food Restaurants,Catering,Sandwich Place,Restaurants,Food,Sandwich Shops",Columbus,40.116766,-83.067555,WG Grinders,43235,OH,2016-07-23,2019-05-01
3579,AVwc8eHD_7pvs4fz0okA,2910 E Main St,"Delis And Delicatessens,Restaurant,Carry-out food,Delicatessens,Fast Food Restaurant,Sandwiches,Sandwich Place,Restaurants,Sandwich Shops",Columbus,39.956709,-82.920879,SUBWAY,43209,OH,2016-03-28,2019-04-26
3596,AVwcxVF7_7pvs4fzyyVX,1726 N High St,"Mexican Restaurant, Burrito Place, and Taco Place University,Carry-out food,Mexican,Taco Place,Tex-mex restaurants,Southwestern restaurants,Mexican restaurants,Fast Food Restaurants,Take Out Restaurants,Restaurants,Mexican Restaurant,Restaurant,Burrito Place,Gas and electric grills",Columbus,39.997535,-83.007366,Chipotle Mexican Grill,43201,OH,2015-11-20,2019-04-26
3739,AVwdYDS4ByjofQCxodn2,3655 W Dublin Granville Rd,"Carry-out food,Caterers,Restaurant delivery service,Chicken Wings,Food Delivery,American restaurants,Karaoke,Take Out Restaurants,Fast Food Restaurants,Home delivery beer and beverages,Family Style Restaurants,Restaurants,Pizza,Restaurant,Pizza Place,Catering",Columbus,40.09424,-83.087652,Pizza Hut,43235,OH,2015-10-23,2019-04-23
3766,AV1c5wuFRxPSIh2RYyMX,1221 Georgesville Rd,"Carry-out food,Caterers,Delicatessens,American restaurants,Take Out Restaurants,Fast Food Restaurants,Karaoke,Restaurants,Delis And Delicatessens,Department stores,Restaurant,Sandwiches,Catering,Sandwich Shops",Columbus,39.9279,-83.117,SUBWAY,43228,OH,2017-07-19,2019-04-22
3805,AVwdvnT7IN2L1WUfyzNJ,3643 S High St,"Carry-out food,Caterers,Restaurant delivery service,Pizza Place South Columbus,American restaurants,Karaoke,Fast Food Restaurants,Take Out Restaurants,Home delivery beer and beverages,Family Style Restaurants,Restaurants,Pizza,Pizza Place,Barbecue,Catering",Columbus,39.8865,-82.9995,Pizza Hut,43207,OH,2016-04-02,2019-04-21
3951,AVwcv0dsIN2L1WUfocMe,1815 Morse Rd,"Breakfast Brunch and Lunch Restaurants,Coffee Shops,Coffee Shop,Coffee and Tea,Coffee and Espresso Restaurants,Fast Food Restaurant,Breakfast Brunch and Lunch Restaurants,,Cafes,Restaurants",Columbus,40.059873,-82.970603,Tim Hortons,43229,OH,2016-06-14,2019-04-19
4397,AVwc_f57ByjofQCxkYJA,6484 E Broad St,"Carry-out food,Diner, Breakfast Spot, and American Restaurant,Late Night Restaurants,Pancakes & Waffles Restaurants,American Restaurant,Breakfast & Brunch Restaurants,American restaurants,Restaurants,Restaurant,Breakfast Spot,Fast Food Restaurant,Diner,Diners,Breakfast Brunch & Lunch Restaurants",Columbus,39.981582,-82.828889,Waffle House,43213,OH,2016-03-30,2019-04-17
4539,AVweGhZRIN2L1WUf1_z0,6619 E Broad St,"Mexican Restaurant,Restaurant,Restaurant consultants,Mexican Restaurants,Tex-mex restaurants,Southwestern restaurants,Fast Food Restaurant,Latin American Restaurants,Family Style Restaurants,Restaurant mgmt.,Restaurants,Burrito Place",Columbus,39.980706,-82.827374,Hot Head Burritos,43213,OH,2016-04-03,2019-04-15
4645,AVwcm13Y_7pvs4fzw_MP,1140 Polaris Pkwy,"Carry-out food,Mexican Restaurants,Taco Place,Tex-mex restaurants,Southwestern restaurants,Take Out Restaurants,Fast Food Restaurants,Karaoke,Restaurants,Mexican Restaurant,Restaurant,Burrito Place,Gas and electric grills",Columbus,40.143953,-82.989366,Chipotle Mexican Grill,43240,OH,2016-06-08,2019-04-15
4677,AVwcfJzMkufWRAb5vqj7,1556 W Broad St,"Fried Chicken Joint,Fast Food Restaurant,Fried Chicken Joint and Fast Food Restaurant,Fried Chicken Joint and Fast Food Restaurant Franklinton",Columbus,39.957485,-83.042103,KFC,43222,OH,2015-10-23,2019-04-15
4809,AVwdd20vkufWRAb56MVb,4391 Old Roberts Rd,"Delis And Delicatessens,Restaurant,Sandwich Place Northwest Columbus,Sandwich Place Hilliard Green,Fast Food Restaurant,wich Place,Sandwich Place,Restaurants,Sandwich Shops",Columbus,40.001749,-83.113754,SUBWAY,43228,OH,2016-04-05,2019-04-14
4815,AVwdiQqx_7pvs4fz62Jv,4488 E Main St,"Carry-out food,Fried Chicken Joint and American Restaurant,Fried Chicken Joint,American Restaurant,Fried Chicken Joint and American Restaurant East Columbus,Take Out Restaurants,Fast Food Restaurants,Food and beverage consultants,Chicken Restaurants,Restaurants,Food processing and manufacturing,Barbecued poultry,Barbecue,Food facilities consultants,Spare rib restaurants",Columbus,39.955846,-82.878019,Churchs Chicken,43213,OH,2015-11-02,2019-04-14
4888,AVwefAHEByjofQCxypac,298 S Hamilton Rd,"Hamburgers & Hot Dogs,Carry-out food,Restaurant consultants,Hot dog restaurants,Fast Food Restaurant Hunters Ridge,Fast Food Restaurant,Hamburger restaurants,Take Out Restaurants,Restaurant mgmt.,Fast food restaurants,Restaurants",Columbus,40.010716,-82.866547,McDonalds,43230,OH,2016-10-20,2019-04-13
4980,AVwdOZIw_7pvs4fz3mGD,1851 Morse Rd,"Carry-out food,Mexican Restaurants,Taco Place,Tex-mex restaurants,Southwestern restaurants,Fast Food Restaurants,Take Out Restaurants,Karaoke,Restaurants,Mexican Restaurant,Online Information Retrieval,Mexican Restaurant, Burrito Place, and Taco Place,Burrito Place,Gas and electric grills",Columbus,40.0604,-82.9691,Chipotle Mexican Grill,43229,OH,2015-11-08,2019-04-11
5024,AVwcwxYGByjofQCxh52D,3942 Townsfair Way,"Breakfast,Cafe,Bakery,Caf,Take Out Restaurants,Health Food Restaurants,Fast Food,Bagel Shops,Restaurants,American Restaurants,Coffee Shops,Restaurant,Traditional American,wich Place,Coffeehouses,Bakeries,Catering,Sandwich Place,Caf√©,Sandwich Shops",Columbus,40.049258,-82.916792,Panera Bread,43219,OH,2016-03-26,2019-04-10
5081,AVwcjbpaIN2L1WUfmPrN,4375 Refugee Rd,"Carry-out food,Restaurant,Fried Chicken Joint,Barbecued poultry,Fried Chicken Joint Eastland,Fast Food Restaurants,Take Out Restaurants,Barbecue,Spare rib restaurants,Chicken restaurants,Catering,Restaurants",Columbus,39.915236,-82.880151,Churchs Chicken,43232,OH,2015-10-23,2019-04-10
5157,AVwdmCGH_7pvs4fz7bQZ,1076 Parsons Ave,"Carry-out food,Caterers,Restaurant delivery service,Pizza Place South Columbus,American restaurants,Karaoke,Take Out Restaurants,Fast Food Restaurants,Home delivery beer and beverages,Restaurants,Pizza,Restaurant,Barbecue,Pizza Place",Columbus,39.94162,-82.982935,Pizza Hut,43206,OH,2015-10-23,2019-04-09
5160,AVzoNu_PFcQ3k02bC5Ov,4331 W Broad St,"Restaurant,American Restaurants,Carry-out food,Breakfast Spot,American Restaurant,Fast Food Restaurants,Diner,Family Style Restaurants,Restaurants",Columbus,39.952411,-83.116452,Bob Evans,43228,OH,2017-06-27,2019-04-09
5352,AVweJDbLIN2L1WUf2WGz,95 N Hamilton Rd,"Carry-out food,Mexican Restaurants,Mexican,Taco Place,Tex-mex restaurants,Southwestern restaurants,Fast Food Restaurants,Take Out Restaurants,Restaurants,Mexican Restaurant,Mexican Restaurant, Burrito Place, and Taco Place East Columbus,Mexican Restaurant, Burrito Place, and Taco Place,Burrito Place",Columbus,40.019649,-82.866786,Chipotle Mexican Grill,43230,OH,2015-11-02,2019-04-04
5536,AVwcjoQeIN2L1WUfmR-d,2070 Morse Rd,"American Restaurants,Restaurant,Greek Restaurant,Taverns,Greek Restaurants,Bar and Grills,Mediterranean Restaurants,Take Out Restaurants,Fast Food Restaurants,Restaurants,Middle Eastern Restaurants",Columbus,40.060732,-82.964766,Gyro Express,43229,OH,2016-04-02,2019-04-03
5611,AVwcpwbEIN2L1WUfnZHF,4440 E Main St,"Carry-out food,Caterers,Restaurant delivery service,Chicken Wings,Food Delivery,American restaurants,Karaoke,Take Out Restaurants,Fast Food Restaurants,Home delivery beer and beverages,Family Style Restaurants,Restaurants,Pizza,Restaurant,Pizza Place,Barbecue,Pizza Place East Columbus,Catering",Columbus,39.9559,-82.88,Pizza Hut,43213,OH,2015-10-24,2019-04-01
5612,AVwctAxFkufWRAb5yHOO,4770 Saw Mill Rd,"Restaurant,Mexican Restaurants,Mexican,Breakfast,Vegetarian,Fast Food Restaurant,Fast Food Restaurants,Fast Food,Restaurants",Columbus,40.0663,-83.0926,Taco Bell,43235,OH,2016-06-14,2019-04-01
5624,AVwdgZgbIN2L1WUfwfWS,7190 Sawmill Rd,"Ice Cream Parlors,Carry-out food,Breakfast,Hot dog restaurants,Hamburger restaurants,Fast Food,Fast Food Restaurants,Take Out Restaurants,Fast Food Restaurant and Burger Joint,Restaurant mgmt.,Restaurants,Frozen Yogurt Shops,Hamburgers & Hot Dogs,Restaurant,Burger Joint,Restaurant consultants,Fast Food Restaurant,Coffeehouses,Salads,Hamburgers,Sandwich Shops",Columbus,40.1116,-83.0899,McDonald's,43235,OH,2016-06-20,2019-04-01
5625,AVwcySDtByjofQCxiKlC,363 S Hamilton Rd,"Carry-out food,Caterers,Tex-mex restaurants,Southwestern restaurants,Mexican restaurants,Take Out Restaurants,Fast Food Restaurants,Restaurants,professional,Mexican Restaurant, Burrito Place, and Taco Place East Columbus,Restaurant,Family style restaurants,Mexican Restaurant, Burrito Place, and Taco Place,Catering",Columbus,40.0267,-82.8659,Moe's Southwest Grill,43230,OH,2016-05-09,2019-04-01
5653,AVzBAJxe-gnIPe8DSgk6,85 Worthington Mall,"Breakfast,Food Delivery,Bakery,Caf,Take Out Restaurants,Health Food Restaurants,Fast Food,Restaurants,Restaurant,American Restaurants,Coffee Shops,Traditional American,wich Place,Coffeehouses,Bakeries,Catering,Sandwich Shops",Columbus,40.1084,-83.0193,Panera Bread,43085,OH,2017-06-19,2019-04-01
5657,AVwclS1IIN2L1WUfml3y,5299 N Hamilton Rd,"Asian Restaurants,Chinese Restaurant,Restaurant,Chinese Restaurant and Asian Restaurant,Carry-out food,Chinese Restaurants,Asian Restaurant,Fast Food Restaurants,Take Out Restaurants,Restaurants",Columbus,40.0648,-82.8636,Panda Express,43230,OH,2016-06-20,2019-04-01
5820,AVwc_ON4kufWRAb51H-0,2040 N High St,"Restaurant,American Restaurants,Mexican Restaurants,Caterers,Take Out Restaurants,Fast Food Restaurants,Burrito Place, Mexican Restaurant, and Taco Place,Catering,Restaurants",Columbus,40.0038,-83.0088,Moe's Southwest Grill,43201,OH,2016-06-14,2019-04-01
5821,AVwelhiIIN2L1WUf6VPF,342 E Gay St,"Pizza,Restaurant,Food Delivery,Take Out Restaurants,Fast Food Restaurants,Pizza Place,Restaurants,Pizza Place Downtown Columbus",Columbus,39.9649,-82.9917,Domino's Pizza,43215,OH,2016-03-28,2019-04-01
5866,AV1goldw3-Khe5l_NhsD,1619 North High Street,"Breakfast,Bakery,Fast Food,Caf,Bagel Shops,Restaurants,Restaurant,Traditional American,wich Place,Coffeehouses,Bakeries,Catering,Sandwich Shops",Columbus,39.9951,-83.0074,Panera Bread,43201,OH,2017-07-20,2019-04-01
5867,AVwdbBwlIN2L1WUfvp1m,171 E Campus View Blvd,"Asian Restaurants,Chinese Restaurant,Restaurant,Caterers,Chinese Restaurants,Asian Restaurant,Restaurant Delivery Service,Fast Food Restaurants,Bistros,Restaurants,Asian Restaurant and Chinese Restaurant Crosswoods",Columbus,40.1178,-83.0104,H C Way Asian Bistro,43235,OH,2015-10-23,2019-04-01
5869,AV1gomzMRxPSIh2RaSB7,2441 Lockbourne Rd,"Ice Cream Parlors,Carry-out food,Breakfast,Hot dog restaurants,Hamburger restaurants,Fast Food Restaurants,Take Out Restaurants,Fast Food,Restaurants,Frozen Yogurt Shops,Restaurant,Coffeehouses,Salads,Hamburgers and Hot Dogs,Hamburgers,Sandwich Shops",Columbus,39.9148,-82.9669,McDonald's,43207,OH,2017-07-20,2019-04-01
5873,AVwcu5LIkufWRAb5ybIx,2181 E Livingston Ave,"Delis And Delicatessens,Restaurant,Carry-out food,Delicatessens,wich Place,Take Out Restaurants,Fast Food Restaurants,Sandwiches,Sandwich Place,Restaurants,Sandwich Shops",Columbus,39.9481,-82.9389,Subway,43209,OH,2016-03-28,2019-04-01
5874,AVwcf1nTkufWRAb5vyyg,3657 E Main St,"Delis And Delicatessens,wich Place,Take Out Restaurants,Fast Food Restaurants,optometrists,Sandwich Place,Restaurants,Sandwich Shops",Columbus,39.9557,-82.9017,Subway,43213,OH,2016-03-28,2019-04-01
5875,AVwc9HDZByjofQCxj_4u,8675 Sancus Blvd,"Delis And Delicatessens,Restaurant,Carry-out food,Delicatessens,wich Place,Take Out Restaurants,Fast Food Restaurants,Sandwiches,Sandwich Place,Restaurants,Sandwich Shops",Columbus,40.1411,-82.9912,Subway,43240,OH,2016-04-01,2019-04-01
5932,AVweJScEByjofQCxvqbf,1455 Cassady Ave,"Ice Cream Parlors,Breakfast,Burgers,Fast Food,Coffeehouses,Salads,Hamburgers,Restaurants,Frozen Yogurt Shops,Sandwich Shops",Columbus,40.0,-82.9307,McDonald's,43219,OH,2015-11-19,2019-04-01
5934,AVwcvSZ6kufWRAb5yflf,1035 Polaris Pkwy,"Pizza,Restaurant,Food Delivery,Take Out Restaurants,Fast Food Restaurants,Pizza Place,Pizza Place Polaris,Restaurants,Pizza Place and Fried Chicken Joint",Columbus,40.1456,-82.9938,Domino's Pizza,43240,OH,2016-04-20,2019-04-01
5935,AVwcn7jGIN2L1WUfnEQJ,163 N High St,"Delis And Delicatessens,Restaurant,Carry-out food,Delicatessens,wich Place,Take Out Restaurants,Fast Food Restaurants,Sandwiches,Sandwich Place,Restaurants,Sandwich Shops",Columbus,39.9657,-83.0015,Subway,43215,OH,2016-03-28,2019-04-01
5938,AVweCQX1_7pvs4fz_dsN,5352 N Hamilton Rd,"Carry-out food,Delicatessens,Wholesale salads,Ice cream and frozen desserts-wholesale and manufacturers,Take Out Restaurants,Fast Food Restaurants,Restaurants,Delis And Delicatessens,Restaurant,wich Place,Sandwiches,Sandwich Place,Sandwich Shops",Columbus,40.0655,-82.863,Subway,43230,OH,2016-07-06,2019-04-01
5939,AVwcy6Zu_7pvs4fzzDHk,323 N 20th St,"Delis And Delicatessens,Carry-out food,Restaurant,Delicatessens,Take Out Restaurants,Fast Food Restaurants,Karaoke,Sandwiches,Sandwich Place,Restaurants,Sandwich Shops",Columbus,39.9732,-82.9733,Subway,43203,OH,2016-04-02,2019-04-01
5940,AVwd9_P9kufWRAb5-1pE,6001 E Broad St,"Carry-out food,Caterers,Delicatessens,American restaurants,Fast Food Restaurants,Take Out Restaurants,Restaurants,Delis And Delicatessens,Restaurant,Sandwiches,Catering,Sandwich Place,Sandwich Shops",Columbus,39.9792,-82.8436,SUBWAY,43213,OH,2016-07-20,2019-04-01
5955,AVwdatPZByjofQCxo5Pt,5125 E Main St,"Asian Restaurants,Restaurant,Caterers,Seafood Restaurants,Chinese Restaurants,Thai Restaurants,Take Out Restaurants,Fast Food Restaurants,Family Style Restaurants,Catering,Restaurants",Columbus,39.955,-82.8605,Hunan Gourmet Restaurant,43213,OH,2016-02-17,2019-04-01
5957,AVwd0oF0_7pvs4fz9k6b,771 Bethel Rd,"Carry-out food,Mexican,Taco Place,Tex-mex restaurants,Southwestern restaurants,Mexican restaurants,Take Out Restaurants,Fast Food Restaurants,Restaurants,Mexican Restaurant,Restaurant,Mexican Restaurant, Burrito Place, and Taco Place,Burrito Place",Columbus,40.0626,-83.0412,Chipotle Mexican Grill,43214,OH,2016-04-03,2019-04-01
6000,AV-VwUo4a4HuVbedGeg0,6943 E Broad St,"Asian Restaurants,Carry-out food,Steak and chop restaurants,Fast Food Restaurants,Japanese restaurants,Barbecue,Spare rib restaurants,Take out restaurants,Restaurants",Columbus,39.9822,-82.8186,Genji Go,43213,OH,2017-11-07,2019-04-01
6217,AVzdssQr-gnIPe8DTgvB,1634 Northwest Blvd,"Asian Restaurants,Carry-out food,Restaurant,Vietnamese Restaurant,Vietnamese Restaurants,Asian Restaurant,Take Out Restaurants,Fast Food Restaurants,Restaurants,Chinese restaurants",Columbus,39.9918,-83.0402,Nong's Hunan Express,43212,OH,2017-06-25,2019-03-31
6218,AWi44wnc3-Khe5l_0trB,8585 Lyra Drive,Fast Food,Columbus,40.1403,-82.9771,Wendy's,43240,OH,2019-02-04,2019-03-31
6219,AVwc_QuD_7pvs4fz1FMl,4542 Cleveland Ave,"Carry-out food,Take Out,Caterers,Take Out Restaurants,Fast Food Restaurants,Family Style Restaurants,Restaurants,Asian Restaurants,Restaurant,Seafood Restaurants,Food & Beverage Delivery Services,Catering,Chinese restaurants",Columbus,40.0621,-82.9526,Golden Phoenix Restaurant,43231,OH,2016-04-03,2019-03-31
6221,AVwdwv07ByjofQCxsQsL,5328 N High St,"Restaurant,Caterers,Greek Restaurant,Greek Restaurants,Turkish restaurants,Mediterranean Restaurants,Fast Food Restaurants,Take Out Restaurants,Armenian restaurants,Restaurants",Columbus,40.0713,-83.0188,Acropolis Gyro Palace,43214,OH,2016-04-02,2019-03-31
6222,AVwcwJ0mIN2L1WUfof95,1051 Gemini Pl,"Asian Restaurants,American Restaurants,Restaurant,Japanese Restaurants,Seafood Restaurants,Sushi Restaurant,Korean Restaurants,Take Out Restaurants,Fast Food Restaurants,Sushi Bars,Restaurants",Columbus,40.1467,-82.987,SUSHI EN,43240,OH,2016-03-28,2019-03-31
6223,AVzoFqpMFcQ3k02bCzX3,1455 Olentangy River Rd,"Restaurant,American Restaurants,Carry-out food,Breakfast,American Restaurant,Family Style Dining,Fast Food Restaurants,Family Style Restaurants,Restaurants",Columbus,39.9898,-83.0264,Bob Evans,43212,OH,2017-06-27,2019-03-31
6224,AVwect5z_7pvs4fzDFHE,2038 Bethel Rd,"Asian Restaurants,Restaurant,Caterers,Chinese Restaurants,Cocktail Lounges,Bar & Grills,Fast Food Restaurants,Take Out Restaurants,Catering,Restaurants",Columbus,40.0644,-83.0708,Hunan Lion Gourmet Chinese,43220,OH,2015-11-19,2019-03-31
6226,AVwdG-qR_7pvs4fz2WXs,1100 Cleveland Ave,"Southern / Soul Food Restaurant and Fried Chicken Joint,Fried Chicken Joint,Take Out Restaurants,Fast Food Restaurants,Southern / Soul Food Restaurant,Chicken Restaurants,Catering,Restaurants",Columbus,39.9867,-82.9887,Church's Chicken,43201,OH,2015-10-20,2019-03-31
6392,AVwdMQTr_7pvs4fz3Oj2,3591 W Broad St,"Restaurant,Caterers,Greek Restaurant,Greek Restaurant and Eastern European Restaurant,Greek Restaurants,Mediterranean Restaurants,Eastern European Restaurant,Take Out Restaurants,Fast Food Restaurants,Restaurants",Columbus,39.953548,-83.096183,1 Gyro Shoppe,43228,OH,2015-10-23,2019-03-28
6426,AVwd1i8lIN2L1WUfzpqi,1000 N High St,"Carry-out food,Mexican Restaurants,Taco Place,Tex-mex restaurants,Mexican Restaurant, Burrito Place, and Taco Place Glen Echo,Southwestern restaurants,Take Out Restaurants,Fast Food Restaurants,Karaoke,Restaurants,Mexican Restaurant,Mexican Restaurant, Burrito Place, and Taco Place Short North,Burrito Place",Columbus,39.982757,-83.004459,Chipotle Mexican Grill,43201,OH,2015-09-13,2019-03-28
6555,AVweVVirIN2L1WUf4Agq,3747 E Broad St,"Hamburgers & Hot Dogs,Take Out Restaurants,Fast Food Restaurants,Breakfast Brunch and Lunch Restaurants,,Breakfast Brunch & Lunch Restaurants,,Family Style Restaurants,Hamburgers and Hot Dogs,Restaurants,Food",Columbus,39.973351,-82.90105,Jam Restaurants,43213,OH,2016-04-02,2019-03-26
6565,AVwee9mBIN2L1WUf5W3D,1519 Schrock Rd,"Ice Cream Parlors,Restaurant,Ice Cream Shop, Dog Run, and Airport,Ice Cream Shop, Dog Run, and Airport Devonshire,Airport,Fast Food Restaurant,Ice Cream Store,Dog Run,Restaurants,Ice Cream Shop",Columbus,40.104914,-82.975618,Dairy Queen,43229,OH,2015-10-23,2019-03-26
6608,AVwd-VRmIN2L1WUf03ti,2350 E Dublin Granville Rd,"Natural food restaurants,Carry-out food,Caterers,Seafood restaurants,Chinese Restaurants,Take Out Restaurants,Fast Food Restaurants,Family Style Restaurants,Restaurants,Asian Restaurants,Juice bars,Chinese Restaurant,Vegetarian restaurants,Thai restaurants,Health food restaurants",Columbus,40.086678,-82.955685,Hunan House,43229,OH,2015-10-23,2019-03-26
6849,AVwdKEYIByjofQCxmFjD,3089 E Main St,"Carry-out food,Caterers,Restaurant delivery service,American restaurants,Karaoke,Take Out Restaurants,Fast Food Restaurants,Home delivery beer and beverages,Family Style Restaurants,Pizza Place Eastmoor,Restaurants,Pizza,Pizza Place,Barbecue",Columbus,39.956268,-82.91589,Pizza Hut,43209,OH,2015-10-23,2019-03-22
6854,AVwcfr8b_7pvs4fzvsLW,1340 N Hamilton Rd,"Carry-out food,Caterers,Delicatessens,American Restaurant,Take Out Restaurants,Fast Food Restaurants,Deli / Bodega,Restaurants,Delis And Delicatessens,Sandwich Place and American Restaurant,Sandwich shops,American Restaurant and Sandwich Place,wich Place,Sandwiches,Catering,Sandwich Place",Columbus,40.05364,-82.86223,Jersey Mike's Subs,43230,OH,2015-09-13,2019-03-22
6855,AVwc-nAv_7pvs4fz0-Ve,331 S Hamilton Rd,"Carry-out food,Caterers,Restaurant delivery service,Delicatessens,Fast Food Restaurants,Home delivery beer and beverages,Sandwiches,Sandwich Place,Sandwich Place East Columbus,Restaurants,Sandwich Shops",Columbus,40.01058131,-82.86764039,Jimmy John's,43230,OH,2016-02-16,2019-03-22
7199,AVweQEFPIN2L1WUf3TGb,406 Granville St,"Carry-out food,Caterers,Delicatessens,American restaurants,Take Out Restaurants,Fast Food Restaurants,Karaoke,Restaurants,Restaurant,Food East Columbus,wich Place,Sandwiches,Food,Sandwich Shops",Columbus,40.018692,-82.86702,Firehouse Subs,43230,OH,2015-10-20,2019-03-14
8012,AWi4wmkLIxWefVJwFa72,1111 N. Hamilton Rd,"Coffee & Tea Shops,Bagels,Doughnuts,Coffeehouses,Fast Food Restaurants,Doughnut Shops,Juice Smoothie Shops,Bakeries,Bagel Shops,Juices & Smoothies,Coffee Tea Shops",Columbus,40.0482,-82.8647,Dunkin' Donuts,43230,OH,2019-02-04,2019-03-02
8735,AVweTpNwkufWRAb5ByRy,2467 S Hamilton Rd,"Carry-out food,Restaurant,Food and Beverage,Fast Food Restaurant, American Restaurant, and Sandwich Place,Fast Food Restaurant,American Restaurant,wich Place,American restaurants,Karaoke,Fast Food Restaurant, American Restaurant, and Sandwich Place Eastland,Restaurants,Fast Food Restaurant and American Restaurant Eastland",Columbus,39.923849,-82.88054,Arby's,43232,OH,2016-10-20,2019-02-01
8820,AWiD3tJv3-Khe5l_yjvW,1210 S James Road,"Pizza,Wedding Reception Locations and Services,Caterers,Mediterranean Restaurants,Take Out Restaurants,Fast Food Restaurants,Banquet Halls and Reception Facilities,Wedding Supplies and Services,Restaurants,Italian Restaurants",Columbus,39.94657,-82.91452,Tat Ristorante Di Famiglia,43227,OH,2019-01-25,2019-01-30
8985,AVwc5Ok5kufWRAb50J3S,1546 Lockbourne Rd,"Asian Restaurants,Restaurant,Chinese Restaurant South Columbus,American restaurants,Fast Food Restaurants,Restaurants,Chinese restaurants",Columbus,39.933702,-82.963597,China Bear,43207,OH,2015-10-23,2019-01-27
9322,AVwdSaZG_7pvs4fz4Sds,960 Oakland Park Ave,"Ice Cream Parlors,Carry-out food,American restaurants,Ice Cream Store,Fast Food,Ice cream and frozen desserts-retail,Ice Cream Shop North Linden,Restaurants,Ice Cream Shop",Columbus,40.0327,-82.9885,Dairy Queen,43224,OH,2015-10-23,2018-12-25
9323,AVwdrRCL_7pvs4fz8Ps1,220 Easton Town Ctr,"Burger Joint,Restaurant,American Restaurant,Fast Food Restaurant,Burger Joint and American Restaurant Easton,Restaurants,Burger Joint and American Restaurant",Columbus,40.0499,-82.9155,Five Guys,43219,OH,2015-10-23,2018-12-25
9324,AVweX5mQkufWRAb5CWgy,1860 Hard Rd,"Delis And Delicatessens,Restaurant,Carry-out food,Delicatessens,Take Out Restaurants,Fast Food Restaurants,Sandwiches,Restaurants,Sandwich Shops",Columbus,40.1176,-83.0886,Subway,43235,OH,2017-01-15,2018-12-25
9345,AVwc9UrgByjofQCxkCIE,1405 N Cassady Ave,"Restaurant,Breakfast Spot,Carry-out food,Coffee Shop,Fast Food Restaurant,American Restaurant,American restaurants,Diner,Diners,Restaurants",Columbus,39.998379,-82.930226,Waffle House,43219,OH,2016-04-01,2018-12-25
9374,AVweHvdUkufWRAb5ALnN,3200 N High St,"Delis And Delicatessens,Carry-out food,Delicatessens,wich Place,Take Out Restaurants,Fast Food Restaurants,Sandwiches,Sandwich Place,Restaurants,Sandwich Shops",Columbus,40.02728,-83.01435,SUBWAY,43202,OH,2016-03-31,2018-12-25
9378,AWAGzPed3-Khe5l_bWWS,1 E Campus View Blvd Ste 116,"Carry-out food,Caterers,Delicatessens,American restaurants,Fast Food Restaurants,Take Out Restaurants,Sandwiches,Restaurants,Sandwich Shops",Columbus,40.1178,-83.01468,SUBWAY,43235,OH,2017-11-29,2018-12-25
9384,AWDc1GKKa4HuVbedLCGX,3705 S High St,"Restaurant,Carry-out food,Fast Food Restaurants,Take Out Restaurants,Chicken Restaurants,Restaurants",Columbus,39.885572,-82.999483,Popeye's Louisiana Kitchen,43207,OH,2018-01-09,2018-12-25
9401,AVwdwU-BByjofQCxsM6N,2000 Bethel Rd,"Natural food restaurants,Carry-out food,Caterers,Seafood restaurants,Chinese Restaurants,Fast Food Restaurants,Take Out Restaurants,Karaoke,Restaurants,Asian Restaurants,Gourmet shops,Juice bars,Vegetarian restaurants,Cocktail Lounges,Bar & Grills,Hunan Restaurants,Gourmet shop restaurants,Thai restaurants,Food & Beverage Delivery Services,Health food restaurants,Gourmet Restaurants",Columbus,40.064382,-83.070841,Hunan Lion Gourmet Chinese Dining,43220,OH,2016-02-16,2018-12-24
9516,AVwcg0qeIN2L1WUflwe1,1320 W Lane Ave,"Carry-out food,Delicatessens,wich Place,Sandwich Place West Campus,Fast Food Restaurants,Take Out Restaurants,Sandwiches,Sandwich Place,Restaurants,Sandwich Shops",Columbus,40.00716,-83.04653,SUBWAY,43221,OH,2016-04-05,2018-12-23
9556,AVwdpEciByjofQCxrIDF,4424 Alum Creek Dr,"Restaurant,Carry-out food,Delicatessens,Columbus Restaurants,Take Out Restaurants,Fast Food Restaurants,Sandwiches,Sandwich Place,Restaurants,Sandwich Shops",Columbus,39.877136,-82.930673,SUBWAY,43207,OH,2016-03-28,2018-12-23
9586,AV6NOclT3-Khe5l_XXtO,3386 Westerville Rd,"Ice Cream and Frozen Desserts,Restaurant,Carry-out food,Ice cream parlors,American restaurants,Fast Food Restaurants,Dessert Restaurants,Ice cream and frozen desserts-retail,Hamburgers and Hot Dogs,Restaurants",Columbus,40.037841,-82.952092,Dairy Queen,43224,OH,2017-09-17,2018-12-23
9739,AVwdoL3sByjofQCxq_S7,890 E Dublin Granville Rd,"Carry-out food,Caterers,Restaurant delivery service,American restaurants,Karaoke,Take Out Restaurants,Fast Food Restaurants,Home delivery beer and beverages,Family Style Restaurants,Restaurants,Pizza,Restaurant,Pizza Place Busch,Barbecued poultry,Pizza Place,Barbecue,Spare rib restaurants,Chicken restaurants",Columbus,40.087983,-82.994718,Pizza Hut,43229,OH,2015-10-20,2018-12-22
9794,AVwdmayqkufWRAb57e_Y,1122 Gemini Pl,"Restaurant,Carry-out food,Caterers,Delicatessens,American Restaurant,Fast Food Restaurants,Take Out Restaurants,Family Style Restaurants,Deli / Bodega,Restaurants,Sandwich Shops",Columbus,40.14776,-82.98822,Jason's Deli,43240,OH,2015-11-18,2018-12-21
9848,AVwczMZg_7pvs4fzzGQE,3566 Riverside Dr,"Carry Out Food,Sandwich,Restaurant,Fast Food Restaurant,wich Place,Caterer,Sandwich Place,Restaurants",Columbus,40.026194,-83.090809,SUBWAY,43221,OH,2015-10-23,2018-12-16
9868,AV3DlGKB3-Khe5l_RImt,1586 W 5th Ave,"Delis And Delicatessens,Carry-out food,Caterers,Delicatessens,American restaurants,Take Out Restaurants,Fast Food Restaurants,Sandwiches,Catering,Restaurants,Sandwich Shops",Columbus,39.9891,-83.049,SUBWAY,43212,OH,2017-08-08,2018-12-14
9871,AVweEBP4ByjofQCxu8gv,1905 Henderson Rd,"Restaurant,Carry-out food,Hot dog restaurants,Fast Food Restaurant,Hamburger restaurants,Restaurants",Columbus,40.055192,-83.070068,McDonald's,43220,OH,2016-03-31,2018-12-14
9952,AVwc-hVZIN2L1WUfq7bY,1059 S High St,"Delis And Delicatessens,Restaurant,Carry-out food,Delicatessens,wich Place,Take Out Restaurants,Fast Food Restaurants,Sandwiches,Sandwich Place,Restaurants,Sandwich Shops",Columbus,39.940447,-82.996769,SUBWAY,43206,OH,2015-10-23,2018-12-08
9953,AVwdfn1YkufWRAb56cbc,5137 E Main St,"Delis And Delicatessens,Restaurant,Carry-out food,Delicatessens,Columbus Restaurants,Take Out Restaurants,Fast Food Restaurants,Sandwiches,Sandwich Place,Restaurants,Sandwich Shops",Columbus,39.954463,-82.860193,SUBWAY,43213,OH,2016-04-02,2018-12-08
9976,AVwdpS8wkufWRAb577IG,1661 Morse Rd,"Hamburgers & Hot Dogs,Carry-out food,Hot dog restaurants,Hamburger restaurants,Take Out Restaurants,Fast Food Restaurants,Karaoke,Restaurants",Columbus,40.06049,-82.97539,McDonald's,43229,OH,2016-04-02,2018-12-07
9992,AWE8fwMMIxWefVJwyZRg,3923 E Broad St,"Carry-out food,Hot dog restaurants,Hamburger restaurants,Fast Food Restaurants,Hamburgers and Hot Dogs,Restaurants",Columbus,39.97355,-82.89635,Burger King,43213,OH,2018-01-28,2018-12-03
168,AVwdv7K9kufWRAb585iL,8932 E 38th St,"Pizza,Restaurant,Chicken Wings,Food Delivery,Fast Food Restaurants,Take Out Restaurants,Pizza Place Far Eastside,Pizza Place,Family Style Restaurants,Restaurants",Indianapolis,39.8265,-86.0105,Pizza Hut,46226,IN,2015-10-23,2019-05-19
201,AVweHFQmkufWRAb5AF3K,4533 S Emerson Ave,"Carry-out food,Caterers,Restaurant delivery service,Chicken Wings,Food Delivery,American restaurants,Karaoke,Take Out Restaurants,Fast Food Restaurants,Home delivery beer and beverages,Family Style Restaurants,Restaurants,Pizza,Restaurant,Pizza Place,Catering",Indianapolis,39.7013,-86.082,Pizza Hut,46203,IN,2015-10-19,2019-05-18
466,AVwdnmu4ByjofQCxq5ii,4430 Mann Rd,"Pizza,Restaurant,Food Delivery,Take Out Restaurants,Fast Food Restaurants,Pizza Place Mars Hill,Pizza Place,Restaurants",Indianapolis,39.6999,-86.2416,Domino's Pizza,46221,IN,2015-10-22,2019-05-18
899,AWkq_6iqa4HuVbedlEGY,9210 Rockville Rd Ste A,"Fast Food Restaurants,Hamburgers and Hot Dogs,Restaurants",Indianapolis,39.76427,-86.32526,Five Guys Burgers Fries,46234,IN,2019-02-26,2019-05-16
900,AWrChGyjcuP9ADUBB80q,66 S Raceway Road,"Fast Food Restaurants,American Restaurants,Chicken Restaurants,Hamburgers and Hot Dogs,Hot Dog Stands and Restaurants,Restaurants,Take Out Restaurants",Indianapolis,39.76223,-86.32732,Sonic Drive-In,46231,IN,2019-05-16,2019-05-16
901,AWkrA03WIxWefVJwIjcm,8501 Westfield Boulevard,"Coffee Shops,American Restaurants,Caterers,Greek Restaurants,Mediterranean Restaurants,Take Out Restaurants,Fast Food Restaurants,Restaurants,Middle Eastern Restaurants",Indianapolis,39.91091,-86.13369,Hellas Cafe,46240,IN,2019-02-26,2019-05-16
923,AWfU6tMta4HuVbeddhvG,803 W 10th Street,"Asian Restaurants,Japanese Restaurants,Fast Food Restaurants,Sushi Bars,Bars",Indianapolis,39.78052,-86.17215,Sushi Boss,46202,IN,2018-12-22,2019-05-16
929,AWkrBRzBRxPSIh2RC9oA,207 N Delaware Street,"Asian Restaurants,Caterers,Seafood Restaurants,Take Out Restaurants,Fast Food Restaurants,Family Style Restaurants,Indian Restaurants,Restaurants,Middle Eastern Restaurants",Indianapolis,39.77012,-86.15412,India Garden Restaurant,46204,IN,2019-02-26,2019-05-16
934,AWkq-zjWRxPSIh2RCxeo,4405 Blue Ribbon Road,"American Restaurants,Take Out Restaurants,Fast Food Restaurants,Breakfast Brunch and Lunch Restaurants,,Family Style Restaurants,Hamburgers and Hot Dogs,Restaurants,Sandwich Shops",Indianapolis,39.70359,-86.06758,Big Boys Construction,46203,IN,2019-02-26,2019-05-16
935,AV0It4mMLD2H7whiYYBj,8812 Us 31 S Ste D,"Carry-out food,Mexican Restaurants,Taco Place,Tex-mex restaurants,Southwestern restaurants,American restaurants,Mexican restaurants,Karaoke,Take Out Restaurants,Fast Food Restaurants,Restaurants,Mexican Restaurant,Burrito Place",Indianapolis,39.63786,-86.12871,Chipotle Mexican Grill,46227,IN,2017-07-03,2019-05-16
936,AWeIjiTHa4HuVbedbxNU,8950 Us 31 S,"Carry-out food,Hot dog restaurants,American restaurants,Hamburger restaurants,Karaoke,Fast Food Restaurants,Hamburgers and Hot Dogs,Restaurants",Indianapolis,39.63619,-86.12759,Jack in the Box,46227,IN,2018-12-07,2019-05-16
966,AWkq8zG7a4HuVbedkz4h,5941 E 86th Street,"Coffee Shops,Irish Restaurants,Mediterranean Restaurants,Fast Food Restaurants,Take Out Restaurants,Breakfast Brunch and Lunch Restaurants,,Cafeterias,Middle Eastern Restaurants",Indianapolis,39.91229,-86.06636,Mediterrano Cafe,46250,IN,2019-02-26,2019-05-16
996,AVwcw9SXByjofQCxh8AN,7815 Us 31 S,"Hamburgers & Hot Dogs,Carry-out food,Hot dog restaurants,American restaurants,Hamburger restaurants,Fast Food Restaurants,Hamburgers and Hot Dogs,Restaurants",Indianapolis,39.65311,-86.13904,Five Guys Burgers Fries,46227,IN,2016-04-05,2019-05-16
1020,AWoyarIVZ4Yw-wtdWcFH,3815 E 96th Street,"Caterers,Takeout,Beer and Ale,Burgers,Restaurant Delivery Service,Fast Food,Take Out Restaurants,Family Style Restaurants,Restaurants,American Restaurants,Caribbean Restaurants,Seafood Restaurants,Bars",Indianapolis,39.92643,-86.10159,Cooper's Hawk Winery Restaurant,46240,IN,2019-04-18,2019-05-16
1021,AWkq9EOh3-Khe5l_3U9X,410 Massachusetts Avenue,"Taverns,Restaurant Delivery Service,Take Out Restaurants,Fast Food Restaurants,Brew Pubs,Restaurants,American Restaurants,Night Clubs,Bar and Grills,Barbecue Restaurants,Hamburgers and Hot Dogs,Bars,Sandwich Shops",Indianapolis,39.77332,-86.15205,Bru Burger Bar,46204,IN,2019-02-26,2019-05-16
1022,AWkyfJLn3-Khe5l_4THT,2222 W Southport Road,"American Restaurants,Caterers,Hot Dog Stands and Restaurants,Take Out Restaurants,Fast Food Restaurants,Family Style Restaurants,Hamburgers and Hot Dogs,Restaurants,Sandwich Shops",Indianapolis,39.66491,-86.19839,Teddy's Burger Joint,46217,IN,2019-02-28,2019-05-16
1025,AWkrBSk-IxWefVJwImgd,8512 E Washington Street,"Asian Restaurants,Caterers,Seafood Restaurants,Chinese Restaurants,Take Out Restaurants,Fast Food Restaurants,Family Style Restaurants,Restaurants",Indianapolis,39.77409,-86.01748,Yen Ching Restaurant,46219,IN,2019-02-26,2019-05-16
1026,AWkqyYdsa4HuVbedkVUM,5211 W 10th Street,"Pizza,American Restaurants,Burgers,Fast Food Restaurants,Breakfast Brunch and Lunch Restaurants,,Family Style Restaurants,Chicken Restaurants,Hamburgers and Hot Dogs,Restaurants",Indianapolis,39.77965,-86.24877,Mug'n Bun Drive In,46224,IN,2019-02-26,2019-05-16
1038,AVwdAy-r_7pvs4fz1VcZ,7620 S Meridian St,"Carry-out food,Caterers,Restaurant delivery service,American restaurants,Karaoke,Take Out Restaurants,Fast Food Restaurants,Home delivery beer and beverages,Family Style Restaurants,Restaurants,Pizza,Restaurant,Pizza Place",Indianapolis,39.655284,-86.158944,Pizza Hut,46217,IN,2015-10-23,2019-05-16
1039,AVwdyQk2ByjofQCxse9k,2624 Lake Circle Dr,"Carry-out food,Caterers,Restaurant delivery service,Delicatessens,American restaurants,Home delivery beer and beverages,Restaurants,Delis And Delicatessens,Restaurant,Fast Food Restaurant,wich Place,Sandwiches,Sandwich Place",Indianapolis,39.913311,-86.206072,Jimmy John's,46268,IN,2015-10-20,2019-05-16
1212,AVwce27xByjofQCxet-0,7875 W 10th St,"Pizza,Restaurant,Food Delivery,Pizza Place Chapel Hill - Ben Davis,Take Out Restaurants,Fast Food Restaurants,Pizza Place,Restaurants",Indianapolis,39.7787,-86.3001,Domino's Pizza,46214,IN,2015-09-21,2019-05-15
1214,AVwcjAEFByjofQCxfdZS,410 Massachusetts Ave,"Restaurant delivery service,Taverns,American restaurants,Hamburger restaurants,Fast Food Restaurants,Burger Restaurants,Home delivery beer and beverages,Restaurant Referral Services & Guides,Brew Pubs,Bars Clubs,Burger Joint,Dinner theatre restaurants,Barbecue Restaurants,Food & Beverage Delivery Services,Barbecue,Hot dog restaurants,Take Out Restaurants,Karaoke,Family Style Restaurants,Restaurants,Restaurant,Bar and Grills,Bar and grill restaurants,Family style restaurants,Hamburgers and Hot Dogs,Family Restaurants,Sandwich Shops,Bars",Indianapolis,39.7727,-86.1523,Bru Burger Bar,46204,IN,2016-03-26,2019-05-15
1277,AVwdIceoByjofQCxl0Rr,4537 N Shadeland Ave,"Pizza,Restaurant,Chicken Wings,Food Delivery,Take Out Restaurants,Fast Food Restaurants,Diner,Family Style Restaurants,Pizza Place,Catering,Restaurants",Indianapolis,39.8396,-86.0456,Pizza Hut,46226,IN,2015-09-21,2019-05-15
1279,AVwcricfIN2L1WUfntMk,6255 E 82nd St,"Carry-out food,Pizza Restaurants,Caterers,Restaurant delivery service,Chicken Wings,Food Delivery,American restaurants,Karaoke,Take Out Restaurants,Fast Food Restaurants,Home delivery beer and beverages,Family Style Restaurants,Restaurants,Pizza Delivery,Pizza,Restaurant,Barbecue,Pizza Place,Catering,Family Restaurants",Indianapolis,39.905,-86.0593,Pizza Hut,46250,IN,2016-06-13,2019-05-15
1461,AVwcvKuwIN2L1WUfoUxE,55 W South St,"Restaurant,Burger Joint,Fast Food Restaurant,American Restaurant,Restaurants",Indianapolis,39.7611,-86.1597,White Castle,46225,IN,2016-03-28,2019-05-15
1463,AV1c1fHx3-Khe5l_L0td,3359 W Morris St,"Mexican Restaurant,Restaurant,Mexican Restaurants,Mediterranean Restaurants,Latin American Restaurants,Take Out Restaurants,Fast Food Restaurants,Restaurants",Indianapolis,39.75,-86.2158,Burrito Joint,46241,IN,2017-07-19,2019-05-15
1464,AVwdzt25_7pvs4fz9ctg,9650 Allisonville Rd,"Food Service,Environmental and Ecological Consultants,Bakery,American restaurants,Restaurants,Breakfast Spot,Restaurant,Environmental and Ecological Products and Services,Environmental Conservation and Ecological Organizations,Fast Food Restaurant,Eastern European Restaurant,Environmental and ecological services,Bakeries",Indianapolis,39.9279,-86.0654,Kolache Factory,46250,IN,2016-03-26,2019-05-15
1663,AVzA9F203D1zeR_xBB0o,1439 E 86th St,"Carry-out food,Mexican Restaurants,Mexican,Breakfast,Tex-mex restaurants,Southwestern restaurants,Vegetarian,American restaurants,Fast Food Restaurants,Karaoke,Fast Food,Restaurants,Mexican Restaurant,Restaurant,Fast Food Restaurant",Indianapolis,39.9121,-86.1353,Taco Bell,46240,IN,2017-06-19,2019-05-14
1684,AWfR9sl43-Khe5l_v9bt,1953 N College Avenue,"American Restaurants,Caterers,Fast Food Restaurants,Breakfast Brunch and Lunch Restaurants,,Hamburgers and Hot Dogs,Restaurants,Sandwich Shops",Indianapolis,39.793766,-86.144733,The Grub House,46202,IN,2018-12-21,2019-05-14
1790,AVzA-oMJLD2H7whiWIhI,4625 E 96th St,"Carry-out food,Caterers,Mexican,Taco Place,Tex-mex restaurants,Southwestern restaurants,American restaurants,Mexican restaurants,Take Out Restaurants,Fast Food Restaurants,Restaurants,Mexican Restaurant,Burrito Place",Indianapolis,39.9264,-86.0903,Chipotle Mexican Grill,46240,IN,2017-06-19,2019-05-14
1792,AVwc07h8kufWRAb5zcZB,2222 W Southport Rd,"Grill Restaurants,Caterers,Hot dog restaurants,American restaurants,Hamburger restaurants,Take Out Restaurants,Fast Food Restaurants,Karaoke,Family Style Restaurants,Restaurants,Burger Joint,Hot Dog Stands and Restaurants,Night Clubs,Bar and Grills,wich Place,Hamburgers and Hot Dogs,Catering,Sandwich Place,Bars,Sandwich Shops",Indianapolis,39.6649,-86.1984,Teddy's Burger Joint,46217,IN,2015-11-04,2019-05-14
1984,AVzA9F-oFcQ3k02bBZSe,5301 W Washington St,"Burger Joint,Restaurant,Fast Food Restaurant,Restaurants",Indianapolis,39.7523,-86.2509,White Castle,46241,IN,2017-06-19,2019-05-13
1985,AWqxUc0dsVYjT2BJ_WHu,4044 E Southport Road,"Fast Food,Restaurants,Breakfast,Ice Cream Parlors,Coffeehouses,Hamburgers,Salads,Sandwich Shops",Indianapolis,39.6659,-86.098,McDonald's,46227,IN,2019-05-13,2019-05-13
1986,AV1tiWId3-Khe5l_OyS9,2502 Dr Martin Luther King Jr St,"Catering Companies,Fried Chicken Joint,Southern & Soul Restaurants,Take Out Restaurants,Fast Food Restaurants,Chicken Restaurants,Traditional American Restaurants,Catering,Restaurants",Indianapolis,39.8029,-86.1705,Church's Chicken,46208,IN,2017-07-23,2019-05-13
2158,AVwcuaTckufWRAb5yWBU,4070 Pendleton Way,"Pizza,Restaurant,Take Out,Pizza Restaurants,Food Delivery,Take Out Restaurants,Fast Food Restaurants,Pizza Place,Restaurants,Pizza Delivery",Indianapolis,39.8306,-86.0369,Domino's Pizza,46226,IN,2015-10-19,2019-05-12
2190,AVweCpGs_7pvs4fz_haE,4405 Blue Ribbon Rd,"Hamburgers & Hot Dogs,American Restaurants,Take Out Restaurants,Fast Food Restaurants,Breakfast Brunch and Lunch Restaurants,,Breakfast Brunch & Lunch Restaurants,,General Contractors,Family Style Restaurants,Hamburgers and Hot Dogs,Restaurants,Sandwich Shops",Indianapolis,39.70358,-86.06773,"Big Boy's Construction, Inc.",46203,IN,2016-06-14,2019-05-12
2603,AVwdF1FOIN2L1WUfsHSw,5438 W 86th St,"Restaurant,Greek Restaurant,Greek Restaurants,Turkish restaurants,Mediterranean Restaurants,Greek Restaurant Park 100,Fast Food Restaurants,Armenian restaurants,Greek restaurants,Restaurants",Indianapolis,39.9109,-86.2562,Gyro Stop,46268,IN,2016-03-26,2019-05-11
2607,AVwc1AJ_ByjofQCxio6k,4250 E Southport Rd,"Carry-out food,Caterers,Fried Chicken Joint,American restaurants,Restaurants,Restaurant,Barbecued poultry,Fast Food Restaurant,Barbecue,Spare rib restaurants,Catering,Chicken restaurants,Fried Chicken Joint Edgewood",Indianapolis,39.6661,-86.0945,KFC,46237,IN,2015-09-21,2019-05-11
2608,AVwcrP9kIN2L1WUfnpwO,3516 W 86th St,"Carry-out food,Caterers,Delicatessens,American Restaurant,American restaurants,Fast Food Restaurants,Take Out Restaurants,Karaoke,Restaurants,Delis And Delicatessens,Restaurant,Sandwich Place and American Restaurant,wich Place,Family style restaurants,American Restaurant College Park,Sandwiches,Sandwich Place,Sandwich Shops",Indianapolis,39.9123,-86.221,Firehouse Subs,46268,IN,2015-10-20,2019-05-11
2609,AVwde7kZ_7pvs4fz6Vjg,1953 N College Ave,"American Restaurants,Restaurant,Caterers,Fast Food Restaurants,Breakfast Brunch and Lunch Restaurants,,catering companies,Breakfast Brunch & Lunch Restaurants,,Hamburgers and Hot Dogs,Catering,Restaurants,Sandwich Shops",Indianapolis,39.7938,-86.1447,Grub House,46202,IN,2014-10-14,2019-05-11
2696,AVwea5W9_7pvs4fzCz-5,8512 E Washington St,"Asian Restaurants,Restaurant,Caterers,Seafood Restaurants,Chinese Restaurants,American restaurants,Take Out Restaurants,Fast Food Restaurants,Family Style Restaurants,Catering,Restaurants,Chinese restaurants",Indianapolis,39.7735,-86.0176,Yen Ching Restaurant,46219,IN,2016-04-04,2019-05-10
2981,AVwegS-BByjofQCxy1wu,6260 Intech Commons Dr,"Carry-out food,Caterers,Restaurant delivery service,Delicatessens,Delivery service,American restaurants,Fast Food Restaurants,Food Delivery Service,Home delivery beer and beverages,Sandwiches,Restaurants,Sandwich Shops",Indianapolis,39.878662,-86.27097,Jimmy John's,46278,IN,2016-08-17,2019-05-07
2987,AVwcpRJH_7pvs4fzxaCI,7215 Michigan Rd,"Restaurant,Carry-out food,Caterers,Fried Chicken Joint,Barbecued poultry,Fast Food Restaurant,American restaurants,Barbecue,Spare rib restaurants,Chicken restaurants,Restaurants",Indianapolis,39.88586,-86.209743,KFC,46268,IN,2016-06-20,2019-05-07
2990,AVwdN6GTIN2L1WUftcca,6320 W 38th St,"Restaurant,Carry-out food,Fast Food Restaurant,Ice cream parlors,American restaurants,Ice Cream Store,Restaurants,Ice Cream Shop",Indianapolis,39.823592,-86.270377,Dairy Queen,46254,IN,2015-10-20,2019-05-07
2991,AVwdMHWk_7pvs4fz3M3Q,1930 E Southport Rd,"Ice Cream Parlors,Restaurant,Carry-out food,American restaurants,Ice cream parlors,Fast Food,Ice cream and frozen desserts-retail,Restaurants,Ice Cream Shop",Indianapolis,39.6652,-86.1261,Dairy Queen,46227,IN,2015-10-23,2019-05-07
3097,AVwci3e5ByjofQCxfb1k,1024 Fletcher Ave,"Ice Cream Parlors,Natural food restaurants,Carry-out food,Ice cream parlors,American restaurants,Fast Food Restaurants,Ice Cream Store,Karaoke,Family Style Restaurants,Juice Smoothie Shops,Restaurants,Ice Cream Shop,Juice bars,American Restaurants,Ice Cream and Frozen Desserts,Restaurant,Vegetarian restaurants,Fast Food Restaurant,Dessert Restaurants,Ice cream and frozen desserts-retail,Health food restaurants,Hamburgers and Hot Dogs",Indianapolis,39.75799,-86.14001,Dairy Queen,46203,IN,2015-10-19,2019-05-05
3099,AVwePxDbkufWRAb5BQ1W,5941 E 86th St,"Carry-out food,International restaurants,Take Out,Middle Eastern Restaurant,Irish Restaurants,American restaurants,Irish restaurants,Fast Food Restaurants,Take Out Restaurants,Breakfast Brunch and Lunch Restaurants,,Middle Eastern Restaurant and Mediterranean Restaurant Castleton,Take out restaurants,Restaurants,Mediterranean Restaurant,Coffee Shops,Restaurant,Mediterranean Restaurants,Middle Eastern Restaurant and Mediterranean Restaurant,Breakfast Brunch & Lunch Restaurants,,Middle eastern restaurants,Cafeterias,Mediterranean restaurants",Indianapolis,39.912109,-86.06783,Mediterrano Cafe,46250,IN,2015-09-21,2019-05-05
3100,AVweW0-AByjofQCxxfUs,7639 S Meridian St,"Ice Cream Parlors,Restaurant,Carry-out food,Fast Food Restaurant,American restaurants,Ice cream parlors,Restaurants,Ice Cream Shop,Ice Cream Shop and Fast Food Restaurant",Indianapolis,39.654598,-86.157915,Dairy Queen,46217,IN,2015-10-23,2019-05-05
3289,AVwc7nEGIN2L1WUfqdfJ,6450 E 82nd St,"Pizza,Italian Restaurant,Carry-out food,Fast Food Restaurant,American restaurants,Take Out Restaurants,Pasta,Family Style Restaurants,Italian Restaurant, Pizza Place, and Fast Food Restaurant,Pizza Place,Restaurants,Italian Restaurants",Indianapolis,39.905737,-86.055696,Fazolis,46250,IN,2015-11-21,2019-05-01
3297,AVwcfQ6g_7pvs4fzvnDI,430 Massachusetts Ave,"Restaurant,Fast Food Restaurant,Sandwich Place",Indianapolis,39.773536,-86.152399,SUBWAY,46204,IN,2015-09-13,2019-05-01
3510,AVwdlKhl_7pvs4fz7Sfd,305 W Washington St,"Delis And Delicatessens,Restaurant,Sandwich Place Downtown Indianapolis,Carry-out food,Delicatessens,Fast Food Restaurant,American restaurants,Karaoke,Sandwiches,Sandwich Place,Restaurants,Sandwich Shops",Indianapolis,39.767173,-86.163746,SUBWAY,46204,IN,2016-04-01,2019-04-28
3572,AV1tb8es3-Khe5l_OZHD,3810 W Washington St,"Carry-out food,Hot dog restaurants,Seafood restaurants,Steak and chop restaurants,Ice cream parlors,American restaurants,Hamburger restaurants,Karaoke,Restaurants,Restaurant,Barbecue,Fast food restaurants,Spare rib restaurants",Indianapolis,39.760691,-86.226227,Steak 'n Shake,46241,IN,2017-07-23,2019-04-27
3633,AV4_Q-rYa4HuVbedAsxq,6985 W 38th St Ste 500,"Carry-out food,Caterers,Delicatessens,American restaurants,Take Out Restaurants,Fast Food Restaurants,Sandwiches,Restaurants,Sandwich Shops",Indianapolis,39.82173,-86.28274,Jersey Mike's Subs,46254,IN,2017-09-01,2019-04-25
3638,AVwdUMNAByjofQCxn0Be,4501 S Emerson Ave,"Ice Cream Parlors,Carry-out food,Hot dog restaurants,Seafood restaurants,Steak and chop restaurants,American Restaurant,American restaurants,Hamburger restaurants,Ice cream parlors,Karaoke,Restaurants,Restaurant,Barbecue,Fast food restaurants,Spare rib restaurants",Indianapolis,39.701587,-86.081975,Steak 'n Shake,46203,IN,2015-09-13,2019-04-25
3644,AVwcp3nsByjofQCxgtN0,1421 N Arlington Ave,"Carry-out food,Seafood restaurants,Chinese Restaurants,American restaurants,Take Out Restaurants,Fast Food Restaurants,Restaurants,Asian Restaurants,Chinese Restaurant,Restaurant,Vegetarian restaurants,Korean Restaurants,New american restaurants,Asian restaurants,Fusion restaurants,Korean restaurants,Chinese restaurants",Indianapolis,39.787295,-86.063844,Oriental Inn,46219,IN,2016-03-30,2019-04-25
3769,AVwdJ_Gy_7pvs4fz21UG,3021 Southeastern Ave,"Carry-out food,Restaurant,Hot dog restaurants,Fast Food Restaurant,American restaurants,Hamburger restaurants,Fast Food Restaurants,Take Out Restaurants,Karaoke,Fast Food Restaurant Near Southeast,Hamburgers and Hot Dogs,Restaurants",Indianapolis,39.758888,-86.11313,McDonalds,46203,IN,2016-03-31,2019-04-22
3979,AWeEq6Us3-Khe5l_uJw4,8820 Us 31 S,"Carry-out food,Caterers,Takeout,American restaurants,Karaoke,Take Out Restaurants,Fast Food Restaurants,Family Style Restaurants,Restaurants,Barbecued poultry,Barbecue,Barbecue Restaurants,Spare rib restaurants,Chicken restaurants,Catering,E Commerce",Indianapolis,39.63801,-86.128876,Famous Dave's,46227,IN,2018-12-06,2019-04-19
4272,AWoykNYLZ4Yw-wtdWe7I,5607 W 86 Street,"Restaurants,Fast Food,Takeout,American Restaurants,Concession Stands",Indianapolis,39.91049,-86.26018,Arby's,46278,IN,2019-04-18,2019-04-18
4390,AWoxqVy2QTFama1XfI0U,15 E Market Street,"Coffee and Tea,Restaurants,Fast Food,Lunch Restaurants,Bagels",Indianapolis,39.768314,-86.15664,Einstein Bros Bagels,46204,IN,2019-04-18,2019-04-18
4997,AV4_Q6c2RxPSIh2RgFai,2055 N Shadeland Ave Ste A,"Caterers,Restaurant Delivery Service,Fast Food Restaurant,Sandwich Place,Restaurants,Sandwich Shops",Indianapolis,39.795508,-86.044835,Jimmy Johns,46219,IN,2017-09-01,2019-04-10
5045,AVwc9abokufWRAb501G9,4820 W 57th St,"Restaurant,American Restaurant,Fast Food Restaurant,wich Place,Take Out Restaurants,Sandwich Place,Restaurants,Sandwich Shops",Indianapolis,39.856323,-86.241535,Penn Station East Coast Subs,46254,IN,2015-10-23,2019-04-10
5138,AVwcmMaHByjofQCxgDoB,31 E South St,"Carry-out food,Delicatessens,American restaurants,Karaoke,Restaurants,Delis And Delicatessens,Restaurant,Sandwich Place Downtown Indianapolis,Fast Food Restaurant,wich Place,Sandwiches,Sandwich Place,Sandwich Shops",Indianapolis,39.76141,-86.157403,SUBWAY,46225,IN,2015-10-23,2019-04-09
5377,AV1fOxU63-Khe5l_NPe9,4545 W 38th St,"Restaurant,Fast Food Restaurant,Fast Food Restaurants,Take Out Restaurants,Hamburgers and Hot Dogs,Restaurants",Indianapolis,39.823442,-86.236869,McDonalds,46254,IN,2017-07-20,2019-04-04
6421,AVweFvdMIN2L1WUf144c,5915 Madison Ave,"Restaurant,Carry-out food,Fast Food Restaurant,American Restaurant,wich Place,American restaurants,Fast Food Restaurants,Karaoke,Sandwich Place,Restaurants,Sandwich Shops",Indianapolis,39.680736,-86.131817,Arbys,46227,IN,2016-10-18,2019-03-28
6431,AVz3adHe3D1zeR_xDC8a,1244 W 86th St,"Restaurant,American Restaurants,Traditional American,American Restaurant,Fast Food Restaurant,Take Out Restaurants,Fast Food Restaurants,Chicken,Catering,Restaurants",Indianapolis,39.91264,-86.181823,Boston Market,46260,IN,2017-06-30,2019-03-28
6765,AVwdIgCxIN2L1WUfsiGN,120 W 38th St,"Restaurant,Carry-out food,Sandwich Place Butler - Tarkington,Delicatessens,American restaurants,Take Out Restaurants,Fast Food Restaurants,Karaoke,Sandwiches,Sandwich Place,Restaurants,Sandwich Shops",Indianapolis,39.82514,-86.16007,SUBWAY,46208,IN,2015-10-23,2019-03-25
6766,AV4_R2k_3-Khe5l_TFWy,5620 Georgetown Rd,"Carry-out food,Caterers,Restaurant delivery service,Delicatessens,American restaurants,Fast Food Restaurants,Home delivery beer and beverages,Sandwiches,Restaurants,Sandwich Shops",Indianapolis,39.85431,-86.24072,Jimmy John's,46254,IN,2017-09-01,2019-03-25
6768,AVwcmXT7IN2L1WUfmyot,4035 S Emerson Ave,"Carry-out food,Caterers,Fried Chicken Joint,Barbecued poultry,Fast Food Restaurant,American restaurants,Barbecue,Spare rib restaurants,Catering,Chicken restaurants,Restaurants",Indianapolis,39.7079,-86.0819,KFC,46203,IN,2015-10-23,2019-03-25
6769,AVwdOWImIN2L1WUfthpS,3006 S Holt Rd,"Carry-out food,Caterers,Restaurant delivery service,American restaurants,Take Out Restaurants,Fast Food Restaurants,Karaoke,Home delivery beer and beverages,Family Style Restaurants,Restaurants,Pizza,Restaurant,Pizza Place",Indianapolis,39.720526,-86.225121,Pizza Hut,46221,IN,2016-04-01,2019-03-25
6771,AVzBKfjI-gnIPe8DSkcA,6151 N Keystone Ave Ste 1100,"Restaurant,Carry-out food,Caterers,Restaurant delivery service,Delicatessens,Fast Food Restaurant,wich Place,American restaurants,Home delivery beer and beverages,Sandwiches,Sandwich Place,Restaurants",Indianapolis,39.866951,-86.120336,Jimmy John's,46220,IN,2017-06-19,2019-03-25
6772,AV1XWo0NLD2H7whiaQS0,7930 S Emerson Ave Ste 101,"Delis And Delicatessens,Restaurant,Carry-out food,Caterers,Delicatessens,American restaurants,Take Out Restaurants,Fast Food Restaurants,Karaoke,Sandwiches,Restaurants,Sandwich Shops",Indianapolis,39.6523,-86.0833,SUBWAY,46237,IN,2017-07-18,2019-03-25
6774,AVwdfO6pByjofQCxpmrg,9355 E Washington St,"Ice Cream Parlors,Carry-out food,Hot dog restaurants,Hamburger restaurants,Dessert Restaurants,Ice cream and frozen desserts-retail,Fast food restaurants,Restaurants,Ice Cream Shop",Indianapolis,39.77366,-86.00344,Ritter's Frozen Custard,46229,IN,2016-07-06,2019-03-25
6777,AVwdYYXyByjofQCxogto,3906 E 10th St,"Ice Cream Parlors,Carry-out food,Ice Cream Shop and Dessert Shop Near Eastside,American restaurants,Ice Cream Store,Fast Food Restaurants,Restaurants,Ice Cream Shop,Dessert Shop,Ice Cream & Frozen Desserts,Hamburgers & Hot Dogs,Restaurant,Dessert Restaurants,Ice cream and frozen desserts-retail",Indianapolis,39.781695,-86.100195,Dairy Queen,46201,IN,2015-10-20,2019-03-25
6804,AVwdWi-sByjofQCxoNra,4020 S East St,"Ice Cream Parlors,Carry-out food,Hot dog restaurants,Steak and chop restaurants,American Restaurant,American restaurants,Hamburger restaurants,Fast Food Restaurants,Karaoke,Restaurants,American Restaurant, Fast Food Restaurant, and Breakfast Spot,Restaurant,Breakfast Spot,Fast Food Restaurant,Barbecue,Hamburgers and Hot Dogs,Spare rib restaurants",Indianapolis,39.707042,-86.149478,Steak 'n Shake,46227,IN,2016-03-31,2019-03-22
6806,AV5aJv1B3-Khe5l_Vj89,135 N Pennsylvania St Ste 150,"American Restaurants,Caterers,Hot Dog Stands and Restaurants,Fast Food Restaurants,Karaoke,Hamburgers and Hot Dogs,Restaurants",Indianapolis,39.76946,-86.15567,King David Dogs,46204,IN,2017-09-07,2019-03-22
7153,AVwdmhU0ByjofQCxqu68,5963 E 82nd St,"Carry-out food,Caterers,Delicatessens,American restaurants,Fast Food Restaurants,Take Out Restaurants,Karaoke,Restaurants,Delis And Delicatessens,Restaurant,wich Place,Sandwiches,Catering,Food,Sandwich Shops",Indianapolis,39.9046,-86.0655,Firehouse Subs,46250,IN,2015-09-13,2019-03-14
7237,AVwdJusuIN2L1WUfsvJI,7218 W 10th St,"Pizza,Italian Restaurant,Restaurant,Fast Food Restaurant,Take Out Restaurants,Pasta,Family Style Restaurants,Restaurants,Italian Restaurants",Indianapolis,39.779677,-86.286614,Fazolis,46214,IN,2016-03-29,2019-03-09
7245,AWhdqANTa4HuVbedfvqc,6815 S. Emerson Ave.,"Fast Food Restaurant,Sandwich Place",Indianapolis,39.668326,-86.081992,Jersey Mikes Subs,46237,IN,2019-01-17,2019-03-09
7271,AV1tb8X6a4HuVbed8C4W,4105 E 96th St,"Carry-out food,Hot dog restaurants,Seafood restaurants,Steak and chop restaurants,Ice cream parlors,American restaurants,Hamburger restaurants,Karaoke,Restaurants,Restaurant,Barbecue,Fast food restaurants,Spare rib restaurants",Indianapolis,39.92687,-86.097242,Steak 'n Shake,46240,IN,2017-07-23,2019-03-09
7276,AVweeTYmByjofQCxyiWt,7198 Michigan Rd,"Carry-out food,Tex-mex restaurants,Southwestern restaurants,American restaurants,Mexican restaurants,Karaoke,fast food restaurants,Restaurants",Indianapolis,39.8844,-86.2096,Taco Bell,46268,IN,2015-09-28,2019-03-08
7322,AV5aJwsr3-Khe5l_VkAT,7224 W 10th St,"Carry-out food,Barbecued poultry,American restaurants,Take Out Restaurants,Fast Food Restaurants,Chicken Restaurants,Barbecue,Spare rib restaurants,Restaurants",Indianapolis,39.77963,-86.28749,Church's Chicken,46214,IN,2017-09-07,2019-03-05
7510,AWkrAfhXa4HuVbedlGSs,6450 E 82nd Street,"Pizza,Fast Food Restaurants,Take Out Restaurants,Pasta,Family Style Restaurants,Restaurants,Italian Restaurants",Indianapolis,39.90572,-86.05568,Fazoli's,46250,IN,2019-02-26,2019-03-05
7545,AWkq9lh_IxWefVJwIT8G,3902 S Post Road,"Mexican Restaurants,Fast Food Restaurants,Restaurants",Indianapolis,39.71269,-86.00894,Taco Bell,46239,IN,2019-02-26,2019-03-04
7905,AWFlDWYrIxWefVJwy5Rr,110 West Washington Street,"Breakfast,Catering Companies,Food Delivery,Bakery,Caf,Fast Food Restaurants,Restaurants,Restaurant,wich Place,Coffeehouses,Traditional American Restaurants,Bakeries,Sandwich Shops",Indianapolis,39.767426,-86.160116,Panera Bread,46204,IN,2018-02-05,2019-03-02
8010,AVwdbFpRByjofQCxo9gv,2402 E 38th St,"Catering Companies,Southern & Soul Restaurants,Fast Food Restaurant Meadows,Fast Food Restaurant,Fast Food Restaurants,Cajun & Creole Restaurants,Chicken Restaurants,Catering,Restaurants",Indianapolis,39.8256,-86.1215,Popeye's Chicken & Biscuits,46218,IN,2015-10-23,2019-03-02
8071,AVwdIg1LkufWRAb52oD1,6245 E Washington St,"Ice Cream Parlors,Ice Cream & Frozen Desserts,Hamburgers & Hot Dogs,Restaurant,Food Drink Shop,Ice Cream Store,Fast Food Restaurants,Dessert Restaurants,Frozen Yogurt,Ice Cream Shop and Food Drink Shop,Restaurants,Ice Cream Shop",Indianapolis,39.771407,-86.058197,Dairy Queen,46219,IN,2016-03-30,2019-03-01
8072,AVwcszlM_7pvs4fzyBXp,3860 N College Ave,"Fried Chicken Joint Meridian Kessler,Catering Companies,Fried Chicken Joint,Southern & Soul Restaurants,Fast Food Restaurants,Traditional American Restaurants,Chicken Restaurants,Catering,Restaurants",Indianapolis,39.8267,-86.1454,Church's Chicken,46205,IN,2015-10-23,2019-03-01
8073,AVwdZfhGIN2L1WUfvZmf,2964 Shelby St,"Restaurant,Catering Companies,Fried Chicken Joint,Southern & Soul Restaurants,Fast Food Restaurants,Take Out Restaurants,Chicken Restaurants,Traditional American Restaurants,Catering,Fried Chicken Joint Garfield Park,Restaurants",Indianapolis,39.7229,-86.1399,Church's Chicken,46203,IN,2015-10-23,2019-03-01
8343,AV1tfBSqIxWefVJwgzrk,7880 Michigan Rd I1,"Pizza,Restaurant,Carry-out food,Caterers,Restaurant delivery service,American restaurants,Take Out Restaurants,Fast Food Restaurants,Karaoke,Home delivery beer and beverages,Family Style Restaurants,Restaurants",Indianapolis,39.89657,-86.21709,Pizza Hut,46268,IN,2017-07-23,2019-02-26
8711,AVweVMTNkufWRAb5B_dt,7245 Us 31 S,"Carry-out food,Delicatessens,American restaurants,Take Out Restaurants,Fast Food Restaurants,Karaoke,Restaurants,Delis And Delicatessens,Restaurant,wich Place,Sandwiches,Sandwich Place,Sandwich Shops",Indianapolis,39.6598,-86.1423,Subway,46227,IN,2015-10-23,2019-02-05
9367,AVwdb7GfByjofQCxpGix,4031 E Southport Rd,"Breakfast Brunch and Lunch Restaurants,Restaurant,Breakfast Spot,Carry-out food,Diner, Breakfast Spot, and American Restaurant,Fast Food Restaurant,American restaurants,Diner,Restaurants",Indianapolis,39.665439,-86.098553,Waffle House,46237,IN,2016-03-26,2018-12-25
9395,AV1gcgnb3-Khe5l_NR_7,4441 Southport Crossings Dr,"American Restaurants,Restaurant,Carry-out food,Breakfast,Family Style Dining,Fast Food Restaurants,Karaoke,Family Style Restaurants,Restaurants",Indianapolis,39.6651,-86.092,Bob Evans,46237,IN,2017-07-20,2018-12-24
9658,AVwd87luIN2L1WUf0qu8,4210 Kildeer Dr,"Hamburgers & Hot Dogs,Restaurant,Carry-out food,Hot dog restaurants,American restaurants,Hamburger restaurants,Fast Food Restaurants,Hamburgers and Hot Dogs,Restaurants",Indianapolis,39.666401,-86.095581,Burger King,46237,IN,2016-07-26,2018-12-23
9827,AV1tfBS6RxPSIh2RbPRR,6905 S Emerson Ave Ste G,"Pizza,Carry-out food,Restaurant,Caterers,Restaurant delivery service,American restaurants,Take Out Restaurants,Fast Food Restaurants,Home delivery beer and beverages,Family Style Restaurants,Restaurants",Indianapolis,39.66755,-86.08186,Pizza Hut,46237,IN,2017-07-23,2018-12-19
1706,AWfR-KIARxPSIh2R7GEF,1951 SE 82nd Avenue,"Coffee Shops,Caterers,Coffee and Espresso Restaurants,Coffee and Tea,Fast Food Restaurants,Restaurants",Portland,45.508795,-122.579076,Mocha Express,97216,OR,2018-12-21,2019-05-14
2450,AV1dDnM4IxWefVJwezBW,721 NW 9th Ave Ste 175,"Caterers,Take Out Restaurants,Fast Food Restaurants,Health Food Restaurants,Family Style Restaurants,Restaurants,American Restaurants,Coffee Shops,Ice Cream and Frozen Desserts,Restaurant,Vegan Restaurants,Steak Houses,Bar and Grills,Dessert Restaurants,Vegetarian Restaurants",Portland,45.52834,-122.68064,Laughing Planet Cafe,97209,OR,2017-07-19,2019-05-11
2451,AWiFg6_hRxPSIh2R9vdR,1111 SE Sandy Boulevard,"American Restaurants,Delicatessens,Steak Houses,Fast Food Restaurants,Breakfast Brunch and Lunch Restaurants,,Family Style Restaurants,Hamburgers and Hot Dogs,Restaurants,Italian Restaurants",Portland,45.52267,-122.6543,Michael's Italian Beef,97214,OR,2019-01-25,2019-05-11
2566,AWoybHMbZ4Yw-wtdWclJ,7409 SW Bridgeport Road,"American Restaurants,Hot Dog Stands and Restaurants,Burgers,Hot Dogs,Fast Food Restaurants,Hamburgers and Hot Dogs,Vegetarian Restaurants,Restaurants",Portland,45.39512,-122.75152,Joe's Burgers,97224,OR,2019-04-18,2019-05-11
2589,AWqmd-aoZ4Yw-wtdeqB5,6114 SE King Road,"Pizza,American Restaurants,Beer and Ale,Caterers,Chicken Restaurants,Family Style Restaurants,Fast Food Restaurants,Food Delivery Service,Home Cooking Restaurants,Italian Restaurants,Pasta,Restaurants,Take Out Restaurants,Wine",Portland,45.4479,-122.59979,Zappo's Pizza,97222,OR,2019-05-11,2019-05-11
2610,AWiLGiaYRxPSIh2R95hc,318 SE Grand Avenue,"Caterers,Vegan Restaurants,Mediterranean Restaurants,Health Food Restaurants,Take Out Restaurants,Fast Food Restaurants,Breakfast Brunch and Lunch Restaurants,,Persian Restaurants,Vegetarian Restaurants,Restaurants,Middle Eastern Restaurants",Portland,45.5205,-122.66039,Nicholas Restaurant,97214,OR,2019-01-26,2019-05-11
2615,AWkq2kIP3-Khe5l_2_rj,1510 SW Harbor Way,"American Restaurants,Bars & Pubs,Bars & Clubs,Bar and Grills,Cocktail Lounges,Fine Dining Restaurants,Breakfast Brunch and Lunch Restaurants,,Fast Food Restaurants,Family Style Restaurants,Sports Bars,Restaurants,Bars",Portland,45.51129,-122.6742,Three Degrees Waterfront Bar Grill - CLOSED,97201,OR,2019-02-26,2019-05-11
2999,AVwdF6B1kufWRAb52N7_,1031 Sw 6th Ave,"Sandwich Place Downtown Portland,Restaurant,Carry-out food,Caterers,Delicatessens,Fast Food Restaurant,wich Place,American restaurants,Sandwiches,Sandwich Place,Restaurants",Portland,45.516562,-122.679885,SUBWAY,97204,OR,2015-11-02,2019-05-07
3006,AVzA-0qQFcQ3k02bBasQ,937 Sw 5th Ave,"Delis And Delicatessens,Carry-out food,Caterers,Restaurant delivery service,Delicatessens,Fast Food Restaurant,wich Place,American restaurants,Home delivery beer and beverages,Sandwiches,Sandwich Place,Restaurants",Portland,45.51685,-122.679053,Jimmy John's,97204,OR,2017-06-19,2019-05-07
3032,AVwc7VBHIN2L1WUfqaZU,733 Sw 10th Ave,"Restaurant,Carry-out food,Restaurant delivery service,Caterers,Delicatessens,Fast Food Restaurant,wich Place,American restaurants,Home delivery beer and beverages,Sandwiches,Sandwich Place,Restaurants",Portland,45.519561,-122.682528,Jimmy John's,97205,OR,2015-11-26,2019-05-07
3039,AVwdlDKaIN2L1WUfxM1-,1139 Ne Broadway St,"Carry-out food,Caterers,Restaurant delivery service,Delicatessens,Food Delivery Service,Home delivery beer and beverages,Restaurants,Delis And Delicatessens,Restaurant,Fast Food Restaurant,wich Place,Sandwiches,Sandwich Place,Sandwich Shops",Portland,45.5351,-122.6536,Jimmy John's,97232,OR,2016-06-20,2019-05-07
3284,AVwcvJ9RkufWRAb5yeCQ,2309 Lloyd Ctr,"Asian Restaurant and Japanese Restaurant Lloyd District,Japanese Restaurants,Asian Restaurant and Japanese Restaurant,Japanese Restaurant,Asian Restaurant,Fast Food Restaurants,Restaurants",Portland,45.532701,-122.653584,Sarku Japan,97232,OR,2015-11-02,2019-05-01
3378,AVwdV3kfIN2L1WUfuzEf,5265 N Lombard St,"Carry-out food,Caterers,Restaurant delivery service,Chicken Wings,Food Delivery,American restaurants,Take Out Restaurants,Fast Food Restaurants,Home delivery beer and beverages,Pizza Place Portsmouth,Family Style Restaurants,Restaurants,Pizza,Delivery service,Pizza Place",Portland,45.582385,-122.722979,Pizza Hut,97203,OR,2015-11-02,2019-04-30
3485,AVzA82uDFcQ3k02bBY8n,13480 Nw Science Park Dr,"Mexican Restaurant,Restaurant,Carry-out food,Tex-mex restaurants,Southwestern restaurants,Fast Food Restaurant,American restaurants,Mexican restaurants,Restaurants",Portland,45.52452,-122.81565,Taco Bell,97229,OR,2017-06-19,2019-04-28
3489,AVweLyYBkufWRAb5AumR,1201 Nw Lovejoy St,"Carry-out food,Mexican Restaurants,Mexican,Taco Place,Tex-mex restaurants,Southwestern restaurants,American restaurants,Mexican restaurants,Fast Food Restaurants,Take Out Restaurants,Food and beverage consultants,Food products,Mexican Restaurant, Burrito Place, and Taco Place Pearl,Restaurants,Food processing and manufacturing,Mexican Restaurant,Restaurant,Mexican Restaurant, Burrito Place, and Taco Place,Burrito Place",Portland,45.5302,-122.6836,Chipotle Mexican Grill,97209,OR,2017-01-15,2019-04-28
3629,AVwc29Un_7pvs4fzztV0,615 Sw 19th Ave,"Carry-out food,Sandwich Place Goose Hollow,Caterers,Restaurant delivery service,Delicatessens,American restaurants,Fast Food Restaurants,Home delivery beer and beverages,Sandwiches,Sandwich Place,Restaurants,Sandwich Shops",Portland,45.52292,-122.69021,Jimmy John's,97205,OR,2016-03-23,2019-04-25
3674,AVweWR2lByjofQCxxaef,7365 SW Barnes Rd,"Restaurant,Fast Food Restaurant,wich Place,Sandwich Place",Portland,45.516533,-122.752991,Subway,97225,OR,2016-03-29,2019-04-25
3797,AVzYMi4YLD2H7whiWxcn,555 Nw Saltzman Rd,"Ice Cream Parlors,Restaurant,Burger Joint,Carry-out food,Fast Food Restaurant,Ice cream parlors,American restaurants,Ice Cream Store,Restaurants,Ice Cream Shop",Portland,45.524522,-122.806151,Dairy Queen,97229,OR,2017-06-24,2019-04-21
3819,AVwclZ03IN2L1WUfmnNo,6960 Sw Beaverton Hillsdale Hwy,"Delis And Delicatessens,Carry-out food,Delicatessens,Fast Food Restaurant,wich Place,American restaurants,Sandwiches,Sandwich Place,Restaurants,Sandwich Shops",Portland,45.4862,-122.7484,SUBWAY,97225,OR,2015-10-23,2019-04-21
5022,AVweOeL3IN2L1WUf3FQ_,4835 NE Sandy Blvd,"Fried Chicken Joint,Take Out Restaurants,Fast Food Restaurants,Chicken Restaurants,Fried Chicken Joint Rose City Park,Catering,Restaurants",Portland,45.539722,-122.612437,KFC,97213,OR,2015-10-23,2019-04-10
5107,AVwdVOkRkufWRAb54yJY,3504 Se 92nd Ave,"Hamburgers & Hot Dogs,Restaurant,Carry-out food,Hot dog restaurants,Hamburger restaurants,Fast Food Restaurants,Hamburgers and Hot Dogs,Restaurants",Portland,45.496585,-122.566573,Burgerville,97266,OR,2016-04-06,2019-04-10
5108,AV1c10hfa4HuVbed5gA1,2247 Ne 82nd Ave,"Restaurant,Carry-out food,Mexican,Breakfast,Tex-mex restaurants,Southwestern restaurants,Vegetarian,American restaurants,Mexican restaurants,Fast Food,Restaurants",Portland,45.5386,-122.5793,Taco Bell,97220,OR,2017-07-19,2019-04-10
5111,AVwckbY5ByjofQCxfutP,7415 Ne M L King Blvd,"Mexican Restaurant,Carry-out food,Tex-mex restaurants,Southwestern restaurants,Fast Food Restaurant,American restaurants,Mexican restaurants,Restaurants",Portland,45.576643,-122.661672,Taco Bell,97211,OR,2016-03-23,2019-04-10
5112,AVwdkuKOByjofQCxqcrf,5024 Ne M L King Blvd,"Pizza,Carry-out food,Caterers,Restaurant delivery service,Pizza Place King,American restaurants,Take Out Restaurants,Fast Food Restaurants,Home delivery beer and beverages,Barbecue Restaurants,Catering,Restaurants",Portland,45.5593,-122.6614,Pizza Hut,97211,OR,2015-10-23,2019-04-10
5115,AVwc47ILIN2L1WUfp_63,11619 Sw Pacific Hwy,"Mexican Restaurant,Carry-out food,Mexican Restaurants,Tex-mex restaurants,Southwestern restaurants,American restaurants,Take Out Restaurants,Fast Food Restaurants,Latin American Restaurants,Restaurants",Portland,45.4393,-122.7524,Mazatlan Mexican Restaurant,97223,OR,2016-03-22,2019-04-10
5116,AVwdGTB3ByjofQCxlfGt,318 Se Grand Ave,"Natural food restaurants,Caterers,Catering Companies,Middle Eastern Restaurant,Seafood restaurants,Ethnic Food Markets,American restaurants,Fast Food Restaurants,Take Out Restaurants,Breakfast Brunch and Lunch Restaurants,,Family Style Restaurants,Restaurants,Juice bars,Falafel Restaurant,Restaurant,Vegetarian restaurants,Mediterranean Restaurants,Ethnic Markets,New american restaurants,Health food restaurants,Middle eastern restaurants,Fusion restaurants,Catering",Portland,45.5205,-122.6606,Nicholas' Restaurant,97214,OR,2016-03-22,2019-04-10
5120,AVz1hWh3LD2H7whiX_ZL,14811 Se Mcloughlin Blvd,"Burger Joint,Restaurant,Carry-out food,Hot dog restaurants,Fast Food Restaurant,American restaurants,Hamburger restaurants,Restaurants",Portland,45.415494,-122.631985,Jack in the Box,97267,OR,2017-06-29,2019-04-10
5312,AVzoDenJLD2H7whiXgQ9,16300 SE McLoughlin Blvd,"Carry-out food,Mexican,Breakfast,Tex-mex restaurants,Vegetarian,Southwestern restaurants,American restaurants,Mexican restaurants,Fast Food,Restaurants,Mexican Restaurant,Restaurant,Fast Food Restaurant",Portland,45.405038,-122.623103,Taco Bell,97267,OR,2017-06-27,2019-04-05
5323,AVweJp7VByjofQCxvuFQ,3622 NE Sandy Blvd,"Pizza,Take Out Restaurants,Fast Food Restaurants,Pizza Place,Restaurants",Portland,45.533099,-122.62637,Dominos Pizza,97232,OR,2016-11-14,2019-04-05
5534,AVwcwxDV_7pvs4fzyr9G,5135 SE Foster Rd,"Carry-out food,Delicatessens,American Restaurant,American restaurants,Restaurant mgmt.,Restaurants,Delis And Delicatessens,Restaurant consultants,Sandwich Place Foster-Powell,Fast Food Restaurant,wich Place,Sandwiches,Sandwich Place,Sandwich Shops",Portland,45.496097,-122.609305,Subway,97206,OR,2015-11-02,2019-04-03
5688,AWRNMkll3-Khe5l_kTc6,455 NW Salesman Rd,"Fast Food Restaurant,Sandwich Place",Portland,45.523847,-122.806737,Subway,97229,OR,2018-06-29,2019-04-01
5700,AVweGhPV_7pvs4fzADNg,4200 SE 82nd Ave,"Delis And Delicatessens,Restaurant,Sandwich Place Lents,Fast Food Restaurant,wich Place,Sandwich Place,Restaurants,Sandwich Shops",Portland,45.491868,-122.575518,Subway,97266,OR,2016-04-17,2019-04-01
5788,AV1c2N3y3-Khe5l_L39n,17971 Sw Mcewan Rd,"Restaurant,Carry-out food,Hot dog restaurants,Fast Food Restaurant,American restaurants,Hamburger restaurants,Fast food restaurants,Restaurants",Portland,45.394334,-122.747032,Burger King,97224,OR,2017-07-19,2019-04-01
6307,AV0ZDTea3D1zeR_xD2O_,7409 SW Bridgeport Rd,"Natural food restaurants,Hamburgers & Hot Dogs,Juice bars,Restaurant,Hot dog restaurants,Vegetarian restaurants,American restaurants,Hamburger restaurants,Fast Food Restaurants,Health food restaurants,Burger Joint Tigard Neighborhood Area 7,Restaurants",Portland,45.3948,-122.752,Joe's Burgers,97224,OR,2015-09-13,2019-03-29
6314,AWnJTPWMQTFama1XYcP1,2301 N E 181 St,Fast Food,Portland,45.5398,-122.4779,Burger King,97230,OR,2019-03-29,2019-03-29
6318,AVwc4mjbIN2L1WUfp8ND,2621 SE Clinton St,"Restaurant,bar,Fast Food Restaurants,Cable Internet,Cafes,Restaurants",Portland,45.5036,-122.6393,Press Club (The),97202,OR,2016-06-14,2019-03-29
6329,AV1grl4k3-Khe5l_Nkzo,9350 SE Stark Street,"Restaurant,Mexican,Breakfast,Vegetarian,Fast Food,Restaurants",Portland,45.5188,-122.5664,Taco Bell,97216,OR,2017-07-20,2019-03-29
6352,AVwd4GF2_7pvs4fz-CyL,5038 S E Powell Blvd,"Restaurant,Burger Joint,Carry-out food,Hot dog restaurants,Fast Food Restaurant,American restaurants,Hamburger restaurants,Fast Food,Fast food restaurants,Restaurants",Portland,45.4973,-122.6104,Burger King,97206,OR,2016-03-24,2019-03-29
6374,AVwdYAuZ_7pvs4fz5Oq7,6369 SW Capitol Hwy,"Italian Restaurant,Caterers,Fine Dining Restaurants,American restaurants,Take Out Restaurants,Breakfast Brunch and Lunch Restaurants,,Fast Food Restaurants,Health Food Restaurants,Family Style Restaurants,Restaurants,Italian Restaurants,Pizza,Restaurant,Wine Bars,Coffee Shops,Wi-Fi Hotspots,Breakfast Brunch & Lunch Restaurants,,Coffee & Espresso Restaurants,Coffee & Tea",Portland,45.4676,-122.7146,Oak & Olive,97239-1937,OR,2016-06-14,2019-03-28
6381,AVwc2GIoByjofQCxi0N4,540 SW College St,"Burger Joint,American Restaurants,Restaurant,Caterers,Burger Joint Downtown Portland,Fast Food Restaurants,Take Out Restaurants,Hamburgers and Hot Dogs,Restaurants",Portland,45.5096,-122.6833,Joe's Burgers,97201,OR,2015-10-20,2019-03-28
6611,AVwcjcSr_7pvs4fzwYSu,12160 SW Scholls Ferry Rd,"Carry-out food,Delicatessens,Sandwich Place Tigard Neighborhood Area 2,Food and Beverage,American restaurants,Restaurants,Delis And Delicatessens,Restaurant,Salads and Soups,Fast Food Restaurant,wich Place,Sandwiches,Sandwich Place,Sandwich Shops",Portland,45.443258,-122.801271,Subway,97223,OR,2015-09-13,2019-03-26
6660,AVwdGFxcByjofQCxlc5p,11634 SW Pacific Hwy,"Carry-out food,Sandwich Place Lloyd District,Delicatessens,Sandwich Place Tigard Neighborhood Area 5,Fast Food Restaurant,wich Place,American restaurants,Locksmiths,Sandwiches,Sandwich Place,Restaurants",Portland,45.438331,-122.753693,Subway,97223,OR,2015-10-20,2019-03-26
6706,AVwcqWCpIN2L1WUfnfXR,9504 SW Washington Square Rd,"Natural food restaurants,Juice Bars,Carry-out food,Ice cream parlors,American restaurants,Fast Food Restaurants,Restaurants,Ice Cream and Frozen Desserts,Snack Place,Vegetarian restaurants,Refreshment Stands,Juices,Health food restaurants",Portland,45.450898,-122.781772,Orange Julius,97223,OR,2016-07-06,2019-03-26
6729,AVwdefXjkufWRAb56SIK,2125 W Burnside St,"Restaurant,Sandwich Place Northwest District,Carry-out food,Delicatessens,Fast Food Restaurant,wich Place,American restaurants,Sandwiches,Sandwich Place,Restaurants",Portland,45.523399,-122.694857,Subway,97210,OR,2015-10-20,2019-03-26
7158,AVzTgqpt3D1zeR_xBZCh,7140 Sw Hazelfern Rd,"Carry-out food,Caterers,Restaurant delivery service,Delicatessens,American restaurants,Home delivery beer and beverages,Restaurants,Delis And Delicatessens,Gourmet shops,Fast Food Restaurant,wich Place,Gourmet shop restaurants,Sandwiches",Portland,45.394,-122.7503,Jimmy John's,97224,OR,2017-06-23,2019-03-14
7162,AV1XXPkn3D1zeR_xFNYa,4147 Se Division St,"Asian Restaurants,Restaurant,Steak and chop restaurants,Thai Restaurants,Fast Food Restaurants,Take Out Restaurants,Barbecue Restaurants,Barbecue,Spare rib restaurants,Vegetarian Restaurants,Restaurants",Portland,45.50499,-122.62002,New Thai Blues,97202,OR,2017-07-18,2019-03-14
7163,AVwc9miM_7pvs4fz0z0H,1513 Ne 181st Ave,"Pizza,Carry-out food,Restaurant delivery service,Caterers,American restaurants,Take Out Restaurants,Fast Food Restaurants,Home delivery beer and beverages,Uncategorized,Pizza Place,Restaurants,Uncategorized Wilkes East",Portland,45.53376,-122.47742,Pizza Hut,97230,OR,2016-06-14,2019-03-14
7172,AVwchRh5kufWRAb5wDKp,9651 Sw Washington Square Rd,"Carry-out food,Mexican Restaurants,Taco Place,Tex-mex restaurants,Southwestern restaurants,Mexican Restaurant and Food Court,American restaurants,Family style restaurants,Fast Food Restaurants,Mexican Restaurant and Food Court Tigard Neighborhood Area 4,Restaurants",Portland,45.44838,-122.78272,Taco Time,97223,OR,2015-11-04,2019-03-14
7174,AV9S5k6-IxWefVJwrcLl,8245 Se Division St,"Greek Restaurants,Turkish restaurants,Mediterranean Restaurants,Fast Food Restaurants,Armenian restaurants,Restaurants",Portland,45.50494,-122.57775,Gyro Town,97266,OR,2017-10-25,2019-03-14
7693,AWkq9afFRxPSIh2RCqYp,4121 SE Hawthorne Boulevard,"American Restaurants,Hot Dog Stands and Restaurants,Vegan Restaurants,Fast Food Restaurants,Health Food Restaurants,Hamburgers and Hot Dogs,Restaurants,Sandwich Shops",Portland,45.51236,-122.61983,Next Level Burger,97214,OR,2019-02-26,2019-03-04
7694,AWkqzkEgIxWefVJwHzlQ,950 SW Alder Street,"Caterers,Greek Restaurants,Mediterranean Restaurants,Bar and Grills,Fast Food Restaurants,Restaurants,Middle Eastern Restaurants",Portland,45.52049,-122.6813,Aybla Grill,97205,OR,2019-02-26,2019-03-04
9899,AVwc5NkHIN2L1WUfqDFY,13535 Nw Cornell Rd,"Carry-out food,Mexican Restaurants,Tex-mex restaurants,Southwestern restaurants,Fast Food Restaurants,Take Out Restaurants,Restaurants",Portland,45.52755,-122.81551,Chipotle Mexican Grill,97229,OR,2017-01-15,2018-12-14
